participant,session,task,recording,trials,correct_responses,executed_errors,recorded_omissions,unresolved_trials,structural_candidates,structural_failures,fully_screened_triplets,setup_records_separated,partial_recording,block_length,nonstandard_block_length,reconstruction_route,boundary_review_note,block_gaps_separate,max_rt_difference_ms,count_status
sub-1004,ses-3,ffa,sub-1004/ses-3/eeg/sub-1004_ses-3_task-ffa_eeg.set,900,864,32,4,0,30,2,,0,False,300,False,standard,Reference boundary-group count,True,0.009510278701782227,provisional_structural
sub-1004,ses-1,ffb,sub-1004/ses-1/eeg/sub-1004_ses-1_task-ffb_eeg.set,330,309,12,9,0,9,3,,0,False,30,False,standard,Reference boundary-group count,True,0.00926220417022705,provisional_structural
sub-1004,ses-2,ffc,sub-1004/ses-2/eeg/sub-1004_ses-2_task-ffc_eeg.set,400,380,17,3,0,12,5,,0,False,40,False,standard,Reference boundary-group count,True,0.009533405303955078,provisional_structural
sub-1005,ses-2,ffa,sub-1005/ses-2/eeg/sub-1005_ses-2_task-ffa_eeg.set,900,806,60,34,0,44,16,,0,False,300,False,standard,Reference boundary-group count,True,0.009798288345336914,provisional_structural
sub-1005,ses-1,ffb,sub-1005/ses-1/eeg/sub-1005_ses-1_task-ffb_eeg.set,330,269,57,4,0,32,25,,0,False,30,False,standard,Reference boundary-group count,True,0.009856462478637695,provisional_structural
sub-1005,ses-3,ffc,sub-1005/ses-3/eeg/sub-1005_ses-3_task-ffc_eeg.set,400,348,51,1,0,44,7,,0,False,40,False,standard,Reference boundary-group count,True,0.009389042854309082,provisional_structural
sub-1007,ses-2,ffa,sub-1007/ses-2/eeg/sub-1007_ses-2_task-ffa_eeg.set,900,581,303,16,0,135,168,,0,False,300,False,standard,Reference boundary-group count,True,0.00966024398803711,provisional_structural
sub-1007,ses-3,ffb,sub-1007/ses-3/eeg/sub-1007_ses-3_task-ffb_eeg.set,330,153,136,40,1,26,110,,0,False,30,False,reviewed_exception,Reviewed reconstruction checks discontinuities,True,0.009810209274291992,provisional_structural
sub-1007,ses-1,ffc,sub-1007/ses-1/eeg/sub-1007_ses-1_task-ffc_eeg.set,400,255,134,11,0,44,90,,0,False,40,False,standard,Reference boundary-group count,True,0.009619593620300293,provisional_structural
sub-1008,ses-3,ffa,sub-1008/ses-3/eeg/sub-1008_ses-3_task-ffa_eeg.set,900,743,151,6,0,103,48,,0,False,300,False,standard,Reference boundary-group count,True,0.00997769832611084,provisional_structural
sub-1008,ses-1,ffb,sub-1008/ses-1/eeg/sub-1008_ses-1_task-ffb_eeg.set,330,281,41,8,0,33,8,,0,False,30,False,standard,Reference boundary-group count,True,0.00966024398803711,provisional_structural
sub-1008,ses-2,ffc,sub-1008/ses-2/eeg/sub-1008_ses-2_task-ffc_eeg.set,400,347,53,0,0,37,16,,0,False,40,False,standard,Reference boundary-group count,True,0.009792685508728027,provisional_structural
sub-1009,ses-2,ffa,sub-1009/ses-2/eeg/sub-1009_ses-2_task-ffa_eeg.set,900,881,19,0,0,19,0,,0,False,300,False,standard,Reference boundary-group count,True,0.00994265079498291,provisional_structural
sub-1009,ses-1,ffb,sub-1009/ses-1/eeg/sub-1009_ses-1_task-ffb_eeg.set,330,297,27,6,0,15,12,,0,False,30,False,standard,Reference boundary-group count,True,0.009302139282226562,provisional_structural
sub-1009,ses-3,ffc,sub-1009/ses-3/eeg/sub-1009_ses-3_task-ffc_eeg.set,400,379,20,1,0,18,2,,0,False,40,False,standard,Reference boundary-group count,True,0.009498357772827148,provisional_structural
sub-1010,ses-1,ffa,sub-1010/ses-1/eeg/sub-1010_ses-1_task-ffa_eeg.set,900,821,76,3,0,66,10,,0,False,300,False,standard,Reference boundary-group count,True,0.009758353233337402,provisional_structural
sub-1010,ses-3,ffb,sub-1010/ses-3/eeg/sub-1010_ses-3_task-ffb_eeg.set,330,180,44,106,0,14,30,,0,False,30,False,standard,Reference boundary-group count,True,0.009637117385864258,provisional_structural
sub-1010,ses-2,ffc,sub-1010/ses-2/eeg/sub-1010_ses-2_task-ffc_eeg.set,400,271,127,2,0,58,69,,0,False,40,False,standard,Reference boundary-group count,True,0.009325265884399414,provisional_structural
sub-1011,ses-3,ffa,sub-1011/ses-3/eeg/sub-1011_ses-3_task-ffa_eeg.set,900,819,80,1,0,68,12,,0,False,300,False,standard,Reference boundary-group count,True,0.009867668151855469,provisional_structural
sub-1011,ses-2,ffb,sub-1011/ses-2/eeg/sub-1011_ses-2_task-ffb_eeg.set,330,293,37,0,0,27,10,,0,False,30,False,standard,Reference boundary-group count,True,0.009758353233337402,provisional_structural
sub-1011,ses-1,ffc,sub-1011/ses-1/eeg/sub-1011_ses-1_task-ffc_eeg.set,400,360,40,0,0,37,3,,0,False,40,False,standard,Reference boundary-group count,True,0.009412169456481934,provisional_structural
sub-1012,ses-1,ffa,sub-1012/ses-1/eeg/sub-1012_ses-1_task-ffa_eeg.set,900,820,78,2,0,61,17,,0,False,300,False,standard,Reference boundary-group count,True,0.009562134742736816,provisional_structural
sub-1012,ses-2,ffb,sub-1012/ses-2/eeg/sub-1012_ses-2_task-ffb_eeg.set,330,260,69,1,0,34,35,,0,False,30,False,standard,Reference boundary-group count,True,0.009931445121765137,provisional_structural
sub-1012,ses-3,ffc,sub-1012/ses-3/eeg/sub-1012_ses-3_task-ffc_eeg.set,400,315,84,1,0,63,21,,0,False,40,False,standard,Reference boundary-group count,True,0.009954571723937988,provisional_structural
sub-1016,ses-2,ffa,sub-1016/ses-2/eeg/sub-1016_ses-2_task-ffa_eeg.set,900,821,78,1,0,70,8,,0,False,300,False,standard,Reference boundary-group count,True,0.00989079475402832,provisional_structural
sub-1016,ses-1,ffb,sub-1016/ses-1/eeg/sub-1016_ses-1_task-ffb_eeg.set,330,238,85,7,0,35,50,,0,False,30,False,standard,Reference boundary-group count,True,0.009965777397155762,provisional_structural
sub-1016,ses-3,ffc,sub-1016/ses-3/eeg/sub-1016_ses-3_task-ffc_eeg.set,400,273,121,6,0,51,70,,0,False,40,False,standard,Reference boundary-group count,True,0.009567737579345703,provisional_structural
sub-1017,ses-2,ffa,sub-1017/ses-2/eeg/sub-1017_ses-2_task-ffa_eeg.set,900,733,155,12,0,110,45,,0,False,300,False,standard,Reference boundary-group count,True,0.00957334041595459,provisional_structural
sub-1017,ses-3,ffb,sub-1017/ses-3/eeg/sub-1017_ses-3_task-ffb_eeg.set,330,229,97,4,0,37,60,,0,False,30,False,standard,Reference boundary-group count,True,0.009619593620300293,provisional_structural
sub-1017,ses-1,ffc,sub-1017/ses-1/eeg/sub-1017_ses-1_task-ffc_eeg.set,400,264,132,4,0,52,80,,0,False,40,False,standard,Reference boundary-group count,True,0.009815812110900879,provisional_structural
sub-1018,ses-3,ffa,sub-1018/ses-3/eeg/sub-1018_ses-3_task-ffa_eeg.set,900,862,36,2,0,32,4,,0,False,300,False,standard,Reference boundary-group count,True,0.00989079475402832,provisional_structural
sub-1018,ses-1,ffb,sub-1018/ses-1/eeg/sub-1018_ses-1_task-ffb_eeg.set,330,268,52,10,0,32,20,,0,False,30,False,standard,Reference boundary-group count,True,0.00973522663116455,provisional_structural
sub-1018,ses-2,ffc,sub-1018/ses-2/eeg/sub-1018_ses-2_task-ffc_eeg.set,400,220,173,7,0,33,140,,0,False,40,False,standard,Reference boundary-group count,True,0.009694576263427734,provisional_structural
sub-1020,ses-1,ffa,sub-1020/ses-1/eeg/sub-1020_ses-1_task-ffa_eeg.set,900,717,178,5,0,104,74,,1,False,300,False,reviewed_exception,Reviewed reconstruction checks discontinuities,True,0.009844541549682617,provisional_structural
sub-1020,ses-3,ffb,sub-1020/ses-3/eeg/sub-1020_ses-3_task-ffb_eeg.set,330,183,125,22,0,42,83,,0,False,30,False,standard,Reference boundary-group count,True,0.009758353233337402,provisional_structural
sub-1020,ses-2,ffc,sub-1020/ses-2/eeg/sub-1020_ses-2_task-ffc_eeg.set,400,205,184,11,0,51,133,,0,False,40,False,standard,Reference boundary-group count,True,0.009856462478637695,provisional_structural
sub-1021,ses-3,ffa,sub-1021/ses-3/eeg/sub-1021_ses-3_task-ffa_eeg.set,900,472,412,16,0,99,313,,0,False,300,False,standard,Reference boundary-group count,True,0.009631514549255371,provisional_structural
sub-1021,ses-2,ffb,sub-1021/ses-2/eeg/sub-1021_ses-2_task-ffb_eeg.set,330,314,11,5,0,10,1,,0,False,30,False,standard,Reference boundary-group count,True,0.00989079475402832,provisional_structural
sub-1021,ses-1,ffc,sub-1021/ses-1/eeg/sub-1021_ses-1_task-ffc_eeg.set,400,391,9,0,0,9,0,,0,False,40,False,standard,Reference boundary-group count,True,0.009706497192382812,provisional_structural
sub-1022,ses-3,ffa,sub-1022/ses-3/eeg/sub-1022_ses-3_task-ffa_eeg.set,900,479,307,114,0,101,206,,0,False,300,False,standard,Reference boundary-group count,True,0.00973522663116455,provisional_structural
sub-1022,ses-1,ffb,sub-1022/ses-1/eeg/sub-1022_ses-1_task-ffb_eeg.set,330,233,93,4,0,44,49,,0,False,30,False,standard,Reference boundary-group count,True,0.009302139282226562,provisional_structural
sub-1022,ses-2,ffc,sub-1022/ses-2/eeg/sub-1022_ses-2_task-ffc_eeg.set,400,260,117,23,0,31,86,,0,False,40,False,standard,Reference boundary-group count,True,0.009619593620300293,provisional_structural
sub-1024,ses-2,ffa,sub-1024/ses-2/eeg/sub-1024_ses-2_task-ffa_eeg.set,900,851,43,6,0,41,2,,0,False,300,False,standard,Reference boundary-group count,True,0.009631514549255371,provisional_structural
sub-1024,ses-3,ffb,sub-1024/ses-3/eeg/sub-1024_ses-3_task-ffb_eeg.set,330,299,30,1,0,18,12,,0,False,30,False,standard,Reference boundary-group count,True,0.009596467018127441,provisional_structural
sub-1024,ses-1,ffc,sub-1024/ses-1/eeg/sub-1024_ses-1_task-ffc_eeg.set,400,376,24,0,0,21,3,,0,False,40,False,standard,Reference boundary-group count,True,0.009487152099609375,provisional_structural
sub-1025,ses-2,ffa,sub-1025/ses-2/eeg/sub-1025_ses-2_task-ffa_eeg.set,900,857,42,1,0,38,4,,0,False,300,False,standard,Reference boundary-group count,True,0.009988903999328613,provisional_structural
sub-1025,ses-3,ffb,sub-1025/ses-3/eeg/sub-1025_ses-3_task-ffb_eeg.set,330,279,47,4,0,34,13,,0,False,30,False,standard,Reference boundary-group count,True,0.009487152099609375,provisional_structural
sub-1025,ses-1,ffc,sub-1025/ses-1/eeg/sub-1025_ses-1_task-ffc_eeg.set,400,350,50,0,0,28,22,,0,False,40,False,standard,Reference boundary-group count,True,0.009596467018127441,provisional_structural
sub-1027,ses-2,ffa,sub-1027/ses-2/eeg/sub-1027_ses-2_task-ffa_eeg.set,900,747,153,0,0,121,32,,0,False,300,False,standard,Reference boundary-group count,True,0.009856462478637695,provisional_structural
sub-1027,ses-1,ffb,sub-1027/ses-1/eeg/sub-1027_ses-1_task-ffb_eeg.set,330,255,70,5,0,43,27,,0,False,30,False,standard,Reference boundary-group count,True,0.009562134742736816,provisional_structural
sub-1027,ses-3,ffc,sub-1027/ses-3/eeg/sub-1027_ses-3_task-ffc_eeg.set,400,350,49,1,0,33,16,,0,False,40,False,standard,Reference boundary-group count,True,0.009694576263427734,provisional_structural
sub-1028,ses-1,ffa,sub-1028/ses-1/eeg/sub-1028_ses-1_task-ffa_eeg.set,900,863,37,0,0,33,4,,0,False,300,False,standard,Reference boundary-group count,True,0.00994265079498291,provisional_structural
sub-1028,ses-3,ffb,sub-1028/ses-3/eeg/sub-1028_ses-3_task-ffb_eeg.set,330,308,19,3,0,14,5,,0,False,30,False,standard,Reference boundary-group count,True,0.009412169456481934,provisional_structural
sub-1028,ses-2,ffc,sub-1028/ses-2/eeg/sub-1028_ses-2_task-ffc_eeg.set,400,363,37,0,0,31,6,,0,False,40,False,standard,Reference boundary-group count,True,0.00997769832611084,provisional_structural
sub-1029,ses-3,ffa,sub-1029/ses-3/eeg/sub-1029_ses-3_task-ffa_eeg.set,900,837,63,0,0,59,4,,0,False,300,False,standard,Reference boundary-group count,True,0.009965777397155762,provisional_structural
sub-1029,ses-2,ffb,sub-1029/ses-2/eeg/sub-1029_ses-2_task-ffb_eeg.set,330,304,24,2,0,21,3,,0,False,30,False,standard,Reference boundary-group count,True,0.009325265884399414,provisional_structural
sub-1029,ses-1,ffc,sub-1029/ses-1/eeg/sub-1029_ses-1_task-ffc_eeg.set,400,374,26,0,0,19,7,,0,False,40,False,standard,Reference boundary-group count,True,0.009290933609008789,provisional_structural
sub-1030,ses-1,ffa,sub-1030/ses-1/eeg/sub-1030_ses-1_task-ffa_eeg.set,900,836,60,4,0,51,9,,0,False,300,False,standard,Reference boundary-group count,True,0.00989079475402832,provisional_structural
sub-1030,ses-2,ffb,sub-1030/ses-2/eeg/sub-1030_ses-2_task-ffb_eeg.set,330,273,54,3,0,37,17,,0,False,30,False,standard,Reference boundary-group count,True,0.009683370590209961,provisional_structural
sub-1030,ses-3,ffc,sub-1030/ses-3/eeg/sub-1030_ses-3_task-ffc_eeg.set,400,325,75,0,0,51,24,,0,False,40,False,standard,Reference boundary-group count,True,0.009815812110900879,provisional_structural
sub-1031,ses-3,ffa,sub-1031/ses-3/eeg/sub-1031_ses-3_task-ffa_eeg.set,900,732,161,7,0,109,52,,0,False,300,False,standard,Reference boundary-group count,True,0.009717702865600586,provisional_structural
sub-1031,ses-2,ffb,sub-1031/ses-2/eeg/sub-1031_ses-2_task-ffb_eeg.set,330,269,58,3,0,37,21,,0,False,30,False,standard,Reference boundary-group count,True,0.009648323059082031,provisional_structural
sub-1031,ses-1,ffc,sub-1031/ses-1/eeg/sub-1031_ses-1_task-ffc_eeg.set,400,294,101,5,0,37,64,,0,False,40,False,standard,Reference boundary-group count,True,0.009931445121765137,provisional_structural
sub-1033,ses-1,ffa,sub-1033/ses-1/eeg/sub-1033_ses-1_task-ffa_eeg.set,900,876,20,4,0,18,2,,0,False,300,False,standard,Reference boundary-group count,True,0.00997769832611084,provisional_structural
sub-1033,ses-3,ffb,sub-1033/ses-3/eeg/sub-1033_ses-3_task-ffb_eeg.set,330,286,37,7,0,23,14,,0,False,30,False,standard,Reference boundary-group count,True,0.009792685508728027,provisional_structural
sub-1033,ses-2,ffc,sub-1033/ses-2/eeg/sub-1033_ses-2_task-ffc_eeg.set,400,364,36,0,0,27,9,,0,False,40,False,standard,Reference boundary-group count,True,0.009550213813781738,provisional_structural
sub-1034,ses-2,ffa,sub-1034/ses-2/eeg/sub-1034_ses-2_task-ffa_eeg.set,900,722,119,59,0,95,24,,0,False,300,False,standard,Reference boundary-group count,True,0.009533405303955078,provisional_structural
sub-1034,ses-1,ffb,sub-1034/ses-1/eeg/sub-1034_ses-1_task-ffb_eeg.set,330,260,68,2,0,51,17,,0,False,30,False,standard,Reference boundary-group count,True,0.009290933609008789,provisional_structural
sub-1034,ses-3,ffc,sub-1034/ses-3/eeg/sub-1034_ses-3_task-ffc_eeg.set,400,314,85,1,0,54,31,,0,False,40,False,standard,Reference boundary-group count,True,0.009423375129699707,provisional_structural
sub-1035,ses-2,ffa,sub-1035/ses-2/eeg/sub-1035_ses-2_task-ffa_eeg.set,900,825,56,19,0,38,18,,0,False,300,False,standard,Reference boundary-group count,True,0.009412169456481934,provisional_structural
sub-1035,ses-3,ffb,sub-1035/ses-3/eeg/sub-1035_ses-3_task-ffb_eeg.set,330,302,20,8,0,13,7,,0,False,30,False,standard,Reference boundary-group count,True,0.009227156639099121,provisional_structural
sub-1035,ses-1,ffc,sub-1035/ses-1/eeg/sub-1035_ses-1_task-ffc_eeg.set,400,204,196,0,0,47,149,,0,False,40,False,standard,Reference boundary-group count,True,0.00989079475402832,provisional_structural
sub-1036,ses-3,ffa,sub-1036/ses-3/eeg/sub-1036_ses-3_task-ffa_eeg.set,900,830,70,0,0,62,8,,0,False,300,False,standard,Reference boundary-group count,True,0.009683370590209961,provisional_structural
sub-1036,ses-1,ffb,sub-1036/ses-1/eeg/sub-1036_ses-1_task-ffb_eeg.set,330,306,23,1,0,23,0,,0,False,30,False,standard,Reference boundary-group count,True,0.009815812110900879,provisional_structural
sub-1036,ses-2,ffc,sub-1036/ses-2/eeg/sub-1036_ses-2_task-ffc_eeg.set,400,383,16,1,0,16,0,,0,False,40,False,standard,Reference boundary-group count,True,0.009377121925354004,provisional_structural
sub-1037,ses-1,ffa,sub-1037/ses-1/eeg/sub-1037_ses-1_task-ffa_eeg.set,900,654,232,14,0,98,134,,0,False,300,False,standard,Reference boundary-group count,True,0.009965777397155762,provisional_structural
sub-1037,ses-2,ffb,sub-1037/ses-2/eeg/sub-1037_ses-2_task-ffb_eeg.set,330,210,99,21,0,33,66,,0,False,30,False,standard,Reference boundary-group count,True,0.00997769832611084,provisional_structural
sub-1037,ses-3,ffc,sub-1037/ses-3/eeg/sub-1037_ses-3_task-ffc_eeg.set,400,247,120,33,0,41,79,,0,False,40,False,standard,Reference boundary-group count,True,0.009694576263427734,provisional_structural
sub-1038,ses-1,ffa,sub-1038/ses-1/eeg/sub-1038_ses-1_task-ffa_eeg.set,900,872,26,2,0,26,0,,0,False,300,False,standard,Reference boundary-group count,True,0.009896397590637207,provisional_structural
sub-1038,ses-3,ffb,sub-1038/ses-3/eeg/sub-1038_ses-3_task-ffb_eeg.set,330,292,38,0,0,33,5,,0,False,30,False,standard,Reference boundary-group count,True,0.009988903999328613,provisional_structural
sub-1038,ses-2,ffc,sub-1038/ses-2/eeg/sub-1038_ses-2_task-ffc_eeg.set,400,340,60,0,0,46,14,,0,False,40,False,standard,Reference boundary-group count,True,0.009758353233337402,provisional_structural
sub-1040,ses-3,ffa,sub-1040/ses-3/eeg/sub-1040_ses-3_task-ffa_eeg.set,900,817,77,6,0,66,11,,0,False,300,False,standard,Reference boundary-group count,True,0.009683370590209961,provisional_structural
sub-1040,ses-1,ffb,sub-1040/ses-1/eeg/sub-1040_ses-1_task-ffb_eeg.set,330,231,86,13,0,39,47,,0,False,30,False,standard,Reference boundary-group count,True,0.009129047393798828,provisional_structural
sub-1040,ses-2,ffc,sub-1040/ses-2/eeg/sub-1040_ses-2_task-ffc_eeg.set,400,325,74,1,0,57,17,,0,False,40,False,standard,Reference boundary-group count,True,0.009879589080810547,provisional_structural
sub-1041,ses-2,ffa,sub-1041/ses-2/eeg/sub-1041_ses-2_task-ffa_eeg.set,900,775,104,21,0,79,25,,0,False,300,False,standard,Reference boundary-group count,True,0.00994265079498291,provisional_structural
sub-1041,ses-1,ffb,sub-1041/ses-1/eeg/sub-1041_ses-1_task-ffb_eeg.set,330,260,65,5,0,48,17,,0,False,30,False,standard,Reference boundary-group count,True,0.009435296058654785,provisional_structural
sub-1041,ses-3,ffc,sub-1041/ses-3/eeg/sub-1041_ses-3_task-ffc_eeg.set,400,309,91,0,0,73,18,,0,False,40,False,standard,Reference boundary-group count,True,0.009648323059082031,provisional_structural
sub-1042,ses-2,ffa,sub-1042/ses-2/eeg/sub-1042_ses-2_task-ffa_eeg.set,900,863,37,0,0,37,0,,0,False,300,False,standard,Reference boundary-group count,True,0.009746432304382324,provisional_structural
sub-1042,ses-3,ffb,sub-1042/ses-3/eeg/sub-1042_ses-3_task-ffb_eeg.set,330,285,44,1,0,26,18,,0,False,30,False,standard,Reference boundary-group count,True,0.00966024398803711,provisional_structural
sub-1042,ses-1,ffc,sub-1042/ses-1/eeg/sub-1042_ses-1_task-ffc_eeg.set,400,196,204,0,0,52,152,,0,False,40,False,standard,Reference boundary-group count,True,0.009758353233337402,provisional_structural
sub-1043,ses-2,ffa,sub-1043/ses-2/eeg/sub-1043_ses-2_task-ffa_eeg.set,900,792,108,0,0,90,18,,0,False,300,False,standard,Reference boundary-group count,True,0.00966024398803711,provisional_structural
sub-1043,ses-3,ffb,sub-1043/ses-3/eeg/sub-1043_ses-3_task-ffb_eeg.set,330,265,65,0,0,47,18,,0,False,30,False,standard,Reference boundary-group count,True,0.009423375129699707,provisional_structural
sub-1043,ses-1,ffc,sub-1043/ses-1/eeg/sub-1043_ses-1_task-ffc_eeg.set,400,331,69,0,0,36,33,,0,False,40,False,standard,Reference boundary-group count,True,0.009694576263427734,provisional_structural
sub-1044,ses-3,ffa,sub-1044/ses-3/eeg/sub-1044_ses-3_task-ffa_eeg.set,900,882,16,2,0,16,0,,0,False,300,False,standard,Reference boundary-group count,True,0.009844541549682617,provisional_structural
sub-1044,ses-1,ffb,sub-1044/ses-1/eeg/sub-1044_ses-1_task-ffb_eeg.set,330,302,17,11,0,11,6,,0,False,30,False,standard,Reference boundary-group count,True,0.00997769832611084,provisional_structural
sub-1044,ses-2,ffc,sub-1044/ses-2/eeg/sub-1044_ses-2_task-ffc_eeg.set,400,390,10,0,0,9,1,,0,False,40,False,standard,Reference boundary-group count,True,0.009383440017700195,provisional_structural
sub-1045,ses-2,ffa,sub-1045/ses-2/eeg/sub-1045_ses-2_task-ffa_eeg.set,900,880,17,3,0,16,1,,0,False,300,False,standard,Reference boundary-group count,True,0.009804606437683105,provisional_structural
sub-1045,ses-1,ffb,sub-1045/ses-1/eeg/sub-1045_ses-1_task-ffb_eeg.set,330,294,31,4,1,25,6,,0,False,30,False,reviewed_exception,Reviewed reconstruction checks discontinuities,True,0.009723305702209473,provisional_structural
sub-1045,ses-3,ffc,sub-1045/ses-3/eeg/sub-1045_ses-3_task-ffc_eeg.set,400,380,20,0,0,17,3,,0,False,40,False,standard,Reference boundary-group count,True,0.00936591625213623,provisional_structural
sub-1047,ses-3,ffa,sub-1047/ses-3/eeg/sub-1047_ses-3_task-ffa_eeg.set,900,702,178,20,0,77,101,,0,False,300,False,standard,Reference boundary-group count,True,0.009937047958374023,provisional_structural
sub-1047,ses-1,ffc,sub-1047/ses-1/eeg/sub-1047_ses-1_task-ffc_eeg.set,400,357,42,1,0,28,14,,0,False,40,False,standard,Reference boundary-group count,True,0.009856462478637695,provisional_structural
sub-1048,ses-1,ffa,sub-1048/ses-1/eeg/sub-1048_ses-1_task-ffa_eeg.set,900,823,67,10,0,54,13,,0,False,300,False,standard,Reference boundary-group count,True,0.009879589080810547,provisional_structural
sub-1048,ses-2,ffb,sub-1048/ses-2/eeg/sub-1048_ses-2_task-ffb_eeg.set,330,235,69,26,0,42,27,,0,False,30,False,standard,Reference boundary-group count,True,0.009856462478637695,provisional_structural
sub-1048,ses-3,ffc,sub-1048/ses-3/eeg/sub-1048_ses-3_task-ffc_eeg.set,400,292,103,5,0,79,24,,0,False,40,False,standard,Reference boundary-group count,True,0.009423375129699707,provisional_structural
sub-1049,ses-3,ffa,sub-1049/ses-3/eeg/sub-1049_ses-3_task-ffa_eeg.set,900,847,53,0,0,51,2,,0,False,300,False,standard,Reference boundary-group count,True,0.009694576263427734,provisional_structural
sub-1049,ses-2,ffb,sub-1049/ses-2/eeg/sub-1049_ses-2_task-ffb_eeg.set,330,303,26,1,0,22,4,,0,False,30,False,standard,Reference boundary-group count,True,0.009671449661254883,provisional_structural
sub-1049,ses-1,ffc,sub-1049/ses-1/eeg/sub-1049_ses-1_task-ffc_eeg.set,400,357,43,0,0,35,8,,0,False,40,False,standard,Reference boundary-group count,True,0.009954571723937988,provisional_structural
sub-1050,ses-1,ffa,sub-1050/ses-1/eeg/sub-1050_ses-1_task-ffa_eeg.set,900,862,37,1,0,32,5,,0,False,300,False,standard,Reference boundary-group count,True,0.009769558906555176,provisional_structural
sub-1050,ses-2,ffb,sub-1050/ses-2/eeg/sub-1050_ses-2_task-ffb_eeg.set,330,282,48,0,0,36,12,,0,False,30,False,standard,Reference boundary-group count,True,0.009440898895263672,provisional_structural
sub-1050,ses-3,ffc,sub-1050/ses-3/eeg/sub-1050_ses-3_task-ffc_eeg.set,400,324,75,1,0,54,21,,0,False,40,False,standard,Reference boundary-group count,True,0.009562134742736816,provisional_structural
sub-1051,ses-1,ffa,sub-1051/ses-1/eeg/sub-1051_ses-1_task-ffa_eeg.set,900,832,49,19,0,40,9,,0,False,300,False,standard,Reference boundary-group count,True,0.009896397590637207,provisional_structural
sub-1051,ses-3,ffb,sub-1051/ses-3/eeg/sub-1051_ses-3_task-ffb_eeg.set,330,263,61,6,0,38,23,,0,False,30,False,standard,Reference boundary-group count,True,0.009954571723937988,provisional_structural
sub-1051,ses-2,ffc,sub-1051/ses-2/eeg/sub-1051_ses-2_task-ffc_eeg.set,400,358,42,0,0,27,15,,0,False,40,False,standard,Reference boundary-group count,True,0.009954571723937988,provisional_structural
sub-1052,ses-2,ffa,sub-1052/ses-2/eeg/sub-1052_ses-2_task-ffa_eeg.set,900,881,19,0,0,17,2,,0,False,300,False,standard,Reference boundary-group count,True,0.009867668151855469,provisional_structural
sub-1052,ses-1,ffb,sub-1052/ses-1/eeg/sub-1052_ses-1_task-ffb_eeg.set,330,316,10,4,0,6,4,,0,False,30,False,standard,Reference boundary-group count,True,0.009510278701782227,provisional_structural
sub-1052,ses-3,ffc,sub-1052/ses-3/eeg/sub-1052_ses-3_task-ffc_eeg.set,400,385,15,0,0,15,0,,0,False,40,False,standard,Reference boundary-group count,True,0.009302139282226562,provisional_structural
sub-1053,ses-2,ffa,sub-1053/ses-2/eeg/sub-1053_ses-2_task-ffa_eeg.set,900,875,25,0,0,25,0,,0,False,300,False,standard,Reference boundary-group count,True,0.009856462478637695,provisional_structural
sub-1053,ses-3,ffb,sub-1053/ses-3/eeg/sub-1053_ses-3_task-ffb_eeg.set,330,290,39,1,0,35,4,,0,False,30,False,standard,Reference boundary-group count,True,0.009833335876464844,provisional_structural
sub-1053,ses-1,ffc,sub-1053/ses-1/eeg/sub-1053_ses-1_task-ffc_eeg.set,400,374,26,0,0,21,5,,0,False,40,False,standard,Reference boundary-group count,True,0.009867668151855469,provisional_structural
sub-1054,ses-3,ffa,sub-1054/ses-3/eeg/sub-1054_ses-3_task-ffa_eeg.set,900,725,166,9,0,113,53,,0,False,300,False,standard,Reference boundary-group count,True,0.009827733039855957,provisional_structural
sub-1054,ses-1,ffb,sub-1054/ses-1/eeg/sub-1054_ses-1_task-ffb_eeg.set,330,165,155,10,0,37,118,,0,False,30,False,standard,Reference boundary-group count,True,0.009533405303955078,provisional_structural
sub-1054,ses-2,ffc,sub-1054/ses-2/eeg/sub-1054_ses-2_task-ffc_eeg.set,400,376,24,0,0,21,3,,0,False,40,False,standard,Reference boundary-group count,True,0.009781479835510254,provisional_structural
sub-1055,ses-1,ffa,sub-1055/ses-1/eeg/sub-1055_ses-1_task-ffa_eeg.set,900,840,55,5,0,52,3,,0,False,300,False,standard,Reference boundary-group count,True,0.009498357772827148,provisional_structural
sub-1055,ses-2,ffb,sub-1055/ses-2/eeg/sub-1055_ses-2_task-ffb_eeg.set,330,240,87,3,0,41,46,,0,False,30,False,standard,Reference boundary-group count,True,0.009758353233337402,provisional_structural
sub-1055,ses-3,ffc,sub-1055/ses-3/eeg/sub-1055_ses-3_task-ffc_eeg.set,400,258,136,6,0,50,86,,0,False,40,False,standard,Reference boundary-group count,True,0.009227156639099121,provisional_structural
sub-1056,ses-1,ffa,sub-1056/ses-1/eeg/sub-1056_ses-1_task-ffa_eeg.set,900,873,24,3,0,24,0,,0,False,300,False,standard,Reference boundary-group count,True,0.009498357772827148,provisional_structural
sub-1056,ses-3,ffb,sub-1056/ses-3/eeg/sub-1056_ses-3_task-ffb_eeg.set,330,287,43,0,0,30,13,,0,False,30,False,standard,Reference boundary-group count,True,0.009290933609008789,provisional_structural
sub-1056,ses-2,ffc,sub-1056/ses-2/eeg/sub-1056_ses-2_task-ffc_eeg.set,400,339,61,0,0,49,12,,0,False,40,False,standard,Reference boundary-group count,True,0.009585261344909668,provisional_structural
sub-1057,ses-3,ffa,sub-1057/ses-3/eeg/sub-1057_ses-3_task-ffa_eeg.set,900,506,177,217,0,55,122,,0,False,300,False,standard,Reference boundary-group count,True,0.00989079475402832,provisional_structural
sub-1057,ses-2,ffb,sub-1057/ses-2/eeg/sub-1057_ses-2_task-ffb_eeg.set,330,213,114,3,0,54,60,,0,False,30,False,standard,Reference boundary-group count,True,0.00966024398803711,provisional_structural
sub-1057,ses-1,ffc,sub-1057/ses-1/eeg/sub-1057_ses-1_task-ffc_eeg.set,400,286,105,9,0,62,43,,0,False,40,False,standard,Reference boundary-group count,True,0.009423375129699707,provisional_structural
sub-1059,ses-2,ffa,sub-1059/ses-2/eeg/sub-1059_ses-2_task-ffa_eeg.set,900,812,47,41,0,39,8,,0,False,300,False,standard,Reference boundary-group count,True,0.009458422660827637,provisional_structural
sub-1059,ses-1,ffb,sub-1059/ses-1/eeg/sub-1059_ses-1_task-ffb_eeg.set,330,174,138,18,0,30,108,,0,False,30,False,standard,Reference boundary-group count,True,0.00957334041595459,provisional_structural
sub-1059,ses-3,ffc,sub-1059/ses-3/eeg/sub-1059_ses-3_task-ffc_eeg.set,400,376,24,0,0,24,0,,0,False,40,False,standard,Reference boundary-group count,True,0.00992584228515625,provisional_structural
sub-1060,ses-2,ffa,sub-1060/ses-2/eeg/sub-1060_ses-2_task-ffa_eeg.set,900,782,89,29,0,62,27,,0,False,300,False,standard,Reference boundary-group count,True,0.009867668151855469,provisional_structural
sub-1060,ses-3,ffb,sub-1060/ses-3/eeg/sub-1060_ses-3_task-ffb_eeg.set,330,273,50,7,0,27,23,,0,False,30,False,standard,Reference boundary-group count,True,0.009544610977172852,provisional_structural
sub-1060,ses-1,ffc,sub-1060/ses-1/eeg/sub-1060_ses-1_task-ffc_eeg.set,400,268,122,10,0,43,79,,0,False,40,False,standard,Reference boundary-group count,True,0.009694576263427734,provisional_structural
sub-1061,ses-2,ffa,sub-1061/ses-2/eeg/sub-1061_ses-2_task-ffa_eeg.set,900,784,116,0,0,90,26,,0,False,300,False,standard,Reference boundary-group count,True,0.009683370590209961,provisional_structural
sub-1061,ses-3,ffb,sub-1061/ses-3/eeg/sub-1061_ses-3_task-ffb_eeg.set,330,279,51,0,0,44,7,,0,False,30,False,standard,Reference boundary-group count,True,0.009487152099609375,provisional_structural
sub-1061,ses-1,ffc,sub-1061/ses-1/eeg/sub-1061_ses-1_task-ffc_eeg.set,400,309,91,0,0,48,43,,0,False,40,False,standard,Reference boundary-group count,True,0.009105920791625977,provisional_structural
sub-1062,ses-3,ffa,sub-1062/ses-3/eeg/sub-1062_ses-3_task-ffa_eeg.set,900,870,27,3,0,23,4,,0,False,300,False,standard,Reference boundary-group count,True,0.009792685508728027,provisional_structural
sub-1062,ses-1,ffb,sub-1062/ses-1/eeg/sub-1062_ses-1_task-ffb_eeg.set,330,303,21,6,0,16,5,,0,False,30,False,standard,Reference boundary-group count,True,0.009804606437683105,provisional_structural
sub-1062,ses-2,ffc,sub-1062/ses-2/eeg/sub-1062_ses-2_task-ffc_eeg.set,400,392,8,0,0,8,0,,0,False,40,False,standard,Reference boundary-group count,True,0.009510278701782227,provisional_structural
sub-1064,ses-1,ffa,sub-1064/ses-1/eeg/sub-1064_ses-1_task-ffa_eeg.set,900,853,46,1,0,43,3,,0,False,300,False,standard,Reference boundary-group count,True,0.009585261344909668,provisional_structural
sub-1064,ses-3,ffb,sub-1064/ses-3/eeg/sub-1064_ses-3_task-ffb_eeg.set,330,250,80,0,0,56,24,,0,False,30,False,standard,Reference boundary-group count,True,0.009423375129699707,provisional_structural
sub-1064,ses-2,ffc,sub-1064/ses-2/eeg/sub-1064_ses-2_task-ffc_eeg.set,400,321,78,1,0,47,31,,0,False,40,False,standard,Reference boundary-group count,True,0.009717702865600586,provisional_structural
sub-1065,ses-3,ffa,sub-1065/ses-3/eeg/sub-1065_ses-3_task-ffa_eeg.set,900,860,37,3,0,37,0,,0,False,300,False,standard,Reference boundary-group count,True,0.009671449661254883,provisional_structural
sub-1065,ses-2,ffb,sub-1065/ses-2/eeg/sub-1065_ses-2_task-ffb_eeg.set,330,312,15,3,0,10,5,,0,False,30,False,standard,Reference boundary-group count,True,0.009879589080810547,provisional_structural
sub-1065,ses-1,ffc,sub-1065/ses-1/eeg/sub-1065_ses-1_task-ffc_eeg.set,400,365,34,1,0,23,11,,0,False,40,False,standard,Reference boundary-group count,True,0.009683370590209961,provisional_structural
sub-1066,ses-1,ffa,sub-1066/ses-1/eeg/sub-1066_ses-1_task-ffa_eeg.set,900,848,52,0,0,46,6,,0,False,300,False,standard,Reference boundary-group count,True,0.009844541549682617,provisional_structural
sub-1066,ses-2,ffb,sub-1066/ses-2/eeg/sub-1066_ses-2_task-ffb_eeg.set,330,277,53,0,0,38,15,,0,False,30,False,standard,Reference boundary-group count,True,0.009325265884399414,provisional_structural
sub-1066,ses-3,ffc,sub-1066/ses-3/eeg/sub-1066_ses-3_task-ffc_eeg.set,400,353,47,0,0,34,13,,0,False,40,False,standard,Reference boundary-group count,True,0.009487152099609375,provisional_structural
sub-1067,ses-1,ffa,sub-1067/ses-1/eeg/sub-1067_ses-1_task-ffa_eeg.set,900,840,51,9,0,42,9,,0,False,300,False,standard,Reference boundary-group count,True,0.009706497192382812,provisional_structural
sub-1067,ses-3,ffb,sub-1067/ses-3/eeg/sub-1067_ses-3_task-ffb_eeg.set,330,203,112,15,0,39,73,,0,False,30,False,standard,Reference boundary-group count,True,0.00960838794708252,provisional_structural
sub-1067,ses-2,ffc,sub-1067/ses-2/eeg/sub-1067_ses-2_task-ffc_eeg.set,400,284,110,6,0,60,50,,0,False,40,False,standard,Reference boundary-group count,True,0.009619593620300293,provisional_structural
sub-1069,ses-3,ffa,sub-1069/ses-3/eeg/sub-1069_ses-3_task-ffa_eeg.set,900,854,46,0,0,44,2,,0,False,300,False,standard,Reference boundary-group count,True,0.009919524192810059,provisional_structural
sub-1069,ses-1,ffb,sub-1069/ses-1/eeg/sub-1069_ses-1_task-ffb_eeg.set,330,289,31,10,0,21,10,,0,False,30,False,standard,Reference boundary-group count,True,0.009400248527526855,provisional_structural
sub-1069,ses-2,ffc,sub-1069/ses-2/eeg/sub-1069_ses-2_task-ffc_eeg.set,400,368,31,1,0,29,2,,0,False,40,False,standard,Reference boundary-group count,True,0.009683370590209961,provisional_structural
sub-1070,ses-2,ffa,sub-1070/ses-2/eeg/sub-1070_ses-2_task-ffa_eeg.set,900,837,56,7,0,44,12,,0,False,300,False,standard,Reference boundary-group count,True,0.009954571723937988,provisional_structural
sub-1070,ses-1,ffb,sub-1070/ses-1/eeg/sub-1070_ses-1_task-ffb_eeg.set,330,155,169,6,0,29,140,,0,False,30,False,standard,Reference boundary-group count,True,0.009706497192382812,provisional_structural
sub-1070,ses-3,ffc,sub-1070/ses-3/eeg/sub-1070_ses-3_task-ffc_eeg.set,400,311,80,9,0,42,38,,0,False,40,False,standard,Reference boundary-group count,True,0.009464025497436523,provisional_structural
sub-2004,ses-2,ffa,sub-2004/ses-2/eeg/sub-2004_ses-2_task-ffa_eeg.set,900,802,88,10,0,75,13,,0,False,300,False,standard,Reference boundary-group count,True,0.009631514549255371,provisional_structural
sub-2004,ses-3,ffb,sub-2004/ses-3/eeg/sub-2004_ses-3_task-ffb_eeg.set,352,238,99,15,0,35,64,,0,False,32,True,reviewed_exception,Reviewed reconstruction checks discontinuities,True,0.01002955436706543,provisional_structural
sub-2004,ses-1,ffc,sub-2004/ses-1/eeg/sub-2004_ses-1_task-ffc_eeg.set,400,272,120,8,0,49,71,,0,False,40,False,standard,Reference boundary-group count,True,0.009637117385864258,provisional_structural
sub-2005,ses-1,ffa,sub-2005/ses-1/eeg/sub-2005_ses-1_task-ffa_eeg.set,900,769,130,1,0,102,28,,0,False,300,False,standard,Reference boundary-group count,True,0.009683370590209961,provisional_structural
sub-2005,ses-2,ffb,sub-2005/ses-2/eeg/sub-2005_ses-2_task-ffb_eeg.set,352,228,116,8,0,32,84,,0,False,32,True,reviewed_exception,Reviewed reconstruction checks discontinuities,True,0.009596467018127441,provisional_structural
sub-2005,ses-3,ffc,sub-2005/ses-3/eeg/sub-2005_ses-3_task-ffc_eeg.set,400,273,123,4,0,52,71,,0,False,40,False,standard,Reference boundary-group count,True,0.009781479835510254,provisional_structural
sub-2006,ses-3,ffa,sub-2006/ses-3/eeg/sub-2006_ses-3_task-ffa_eeg.set,900,788,51,61,0,34,17,,0,False,300,False,standard,Reference boundary-group count,True,0.009683370590209961,provisional_structural
sub-2006,ses-1,ffb,sub-2006/ses-1/eeg/sub-2006_ses-1_task-ffb_eeg.set,330,283,45,2,0,30,15,,0,False,30,False,standard,Reference boundary-group count,True,0.009637117385864258,provisional_structural
sub-2006,ses-2,ffc,sub-2006/ses-2/eeg/sub-2006_ses-2_task-ffc_eeg.set,400,328,41,31,0,19,22,,0,False,40,False,standard,Reference boundary-group count,True,0.009585261344909668,provisional_structural
sub-2007,ses-3,ffa,sub-2007/ses-3/eeg/sub-2007_ses-3_task-ffa_eeg.set,729,708,21,0,0,21,0,,0,True,300,False,reviewed_exception,Reviewed reconstruction checks discontinuities,True,0.00994265079498291,provisional_structural
sub-2007,ses-1,ffb,sub-2007/ses-1/eeg/sub-2007_ses-1_task-ffb_eeg.set,330,313,14,3,0,12,2,,0,False,30,False,standard,Reference boundary-group count,True,0.009769558906555176,provisional_structural
sub-2007,ses-2,ffc,sub-2007/ses-2/eeg/sub-2007_ses-2_task-ffc_eeg.set,400,384,16,0,0,16,0,,0,False,40,False,standard,Reference boundary-group count,True,0.009781479835510254,provisional_structural
sub-2008,ses-2,ffa,sub-2008/ses-2/eeg/sub-2008_ses-2_task-ffa_eeg.set,900,818,63,19,0,52,11,,0,False,300,False,standard,Reference boundary-group count,True,0.009746432304382324,provisional_structural
sub-2008,ses-3,ffb,sub-2008/ses-3/eeg/sub-2008_ses-3_task-ffb_eeg.set,330,311,18,1,0,15,3,,0,False,30,False,standard,Reference boundary-group count,True,0.009464025497436523,provisional_structural
sub-2008,ses-1,ffc,sub-2008/ses-1/eeg/sub-2008_ses-1_task-ffc_eeg.set,400,381,19,0,0,16,3,,0,False,40,False,standard,Reference boundary-group count,True,0.009325265884399414,provisional_structural
sub-2009,ses-1,ffa,sub-2009/ses-1/eeg/sub-2009_ses-1_task-ffa_eeg.set,900,867,31,2,0,31,0,,0,False,300,False,standard,Reference boundary-group count,True,0.009769558906555176,provisional_structural
sub-2009,ses-2,ffb,sub-2009/ses-2/eeg/sub-2009_ses-2_task-ffb_eeg.set,330,262,65,3,0,41,24,,0,False,30,False,standard,Reference boundary-group count,True,0.009758353233337402,provisional_structural
sub-2009,ses-3,ffc,sub-2009/ses-3/eeg/sub-2009_ses-3_task-ffc_eeg.set,400,328,72,0,0,53,19,,0,False,40,False,standard,Reference boundary-group count,True,0.009192824363708496,provisional_structural
sub-2010,ses-2,ffa,sub-2010/ses-2/eeg/sub-2010_ses-2_task-ffa_eeg.set,900,729,146,25,0,113,33,,0,False,300,False,standard,Reference boundary-group count,True,0.009562134742736816,provisional_structural
sub-2010,ses-1,ffb,sub-2010/ses-1/eeg/sub-2010_ses-1_task-ffb_eeg.set,330,281,44,4,1,23,21,,0,False,30,False,reviewed_exception,Reviewed reconstruction checks discontinuities,True,0.009781479835510254,provisional_structural
sub-2010,ses-3,ffc,sub-2010/ses-3/eeg/sub-2010_ses-3_task-ffc_eeg.set,400,336,62,2,0,41,21,,0,False,40,False,standard,Reference boundary-group count,True,0.00973522663116455,provisional_structural
sub-2011,ses-1,ffa,sub-2011/ses-1/eeg/sub-2011_ses-1_task-ffa_eeg.set,900,840,54,6,0,52,2,,0,False,300,False,standard,Reference boundary-group count,True,0.009792685508728027,provisional_structural
sub-2011,ses-3,ffb,sub-2011/ses-3/eeg/sub-2011_ses-3_task-ffb_eeg.set,330,165,135,30,0,36,99,,0,False,30,False,standard,Reference boundary-group count,True,0.009521484375,provisional_structural
sub-2011,ses-2,ffc,sub-2011/ses-2/eeg/sub-2011_ses-2_task-ffc_eeg.set,400,279,117,4,0,58,59,,0,False,40,False,standard,Reference boundary-group count,True,0.00915217399597168,provisional_structural
sub-2012,ses-3,ffa,sub-2012/ses-3/eeg/sub-2012_ses-3_task-ffa_eeg.set,900,822,78,0,0,67,11,,0,False,300,False,standard,Reference boundary-group count,True,0.00955653190612793,provisional_structural
sub-2012,ses-2,ffb,sub-2012/ses-2/eeg/sub-2012_ses-2_task-ffb_eeg.set,330,276,51,3,0,34,17,,0,False,30,False,standard,Reference boundary-group count,True,0.009758353233337402,provisional_structural
sub-2012,ses-1,ffc,sub-2012/ses-1/eeg/sub-2012_ses-1_task-ffc_eeg.set,400,359,41,0,0,32,9,,0,False,40,False,standard,Reference boundary-group count,True,0.009792685508728027,provisional_structural
sub-2013,ses-1,ffa,sub-2013/ses-1/eeg/sub-2013_ses-1_task-ffa_eeg.set,900,867,23,10,0,21,2,,0,False,300,False,standard,Reference boundary-group count,True,0.009879589080810547,provisional_structural
sub-2013,ses-3,ffb,sub-2013/ses-3/eeg/sub-2013_ses-3_task-ffb_eeg.set,330,293,32,5,0,30,2,,0,False,30,False,standard,Reference boundary-group count,True,0.009758353233337402,provisional_structural
sub-2013,ses-2,ffc,sub-2013/ses-2/eeg/sub-2013_ses-2_task-ffc_eeg.set,400,351,46,3,0,38,8,,0,False,40,False,standard,Reference boundary-group count,True,0.009769558906555176,provisional_structural
sub-2015,ses-2,ffa,sub-2015/ses-2/eeg/sub-2015_ses-2_task-ffa_eeg.set,900,844,51,5,0,49,2,,0,False,300,False,standard,Reference boundary-group count,True,0.009717702865600586,provisional_structural
sub-2015,ses-1,ffb,sub-2015/ses-1/eeg/sub-2015_ses-1_task-ffb_eeg.set,330,279,51,0,0,43,8,,0,False,30,False,standard,Different pattern inspected in Task 2.13,True,0.00936591625213623,provisional_structural
sub-2015,ses-3,ffc,sub-2015/ses-3/eeg/sub-2015_ses-3_task-ffc_eeg.set,400,365,34,1,0,26,8,,0,False,40,False,standard,Reference boundary-group count,True,0.00966024398803711,provisional_structural
sub-2016,ses-1,ffa,sub-2016/ses-1/eeg/sub-2016_ses-1_task-ffa_eeg.set,900,861,31,8,0,26,5,,0,False,300,False,standard,Reference boundary-group count,True,0.009867668151855469,provisional_structural
sub-2016,ses-2,ffb,sub-2016/ses-2/eeg/sub-2016_ses-2_task-ffb_eeg.set,330,307,21,2,0,18,3,,0,False,30,False,standard,Reference boundary-group count,True,0.009325265884399414,provisional_structural
sub-2016,ses-3,ffc,sub-2016/ses-3/eeg/sub-2016_ses-3_task-ffc_eeg.set,400,375,24,1,0,20,4,,0,False,40,False,standard,Reference boundary-group count,True,0.009827733039855957,provisional_structural
sub-2017,ses-3,ffa,sub-2017/ses-3/eeg/sub-2017_ses-3_task-ffa_eeg.set,900,830,54,16,0,43,11,,0,False,300,False,standard,Reference boundary-group count,True,0.00960838794708252,provisional_structural
sub-2017,ses-1,ffb,sub-2017/ses-1/eeg/sub-2017_ses-1_task-ffb_eeg.set,330,204,100,26,0,25,75,,0,False,30,False,standard,Reference boundary-group count,True,0.0099945068359375,provisional_structural
sub-2017,ses-2,ffc,sub-2017/ses-2/eeg/sub-2017_ses-2_task-ffc_eeg.set,400,358,38,4,0,25,13,,0,False,40,False,standard,Reference boundary-group count,True,0.009498357772827148,provisional_structural
sub-2019,ses-3,ffa,sub-2019/ses-3/eeg/sub-2019_ses-3_task-ffa_eeg.set,900,857,42,1,0,42,0,,0,False,300,False,standard,Reference boundary-group count,True,0.009746432304382324,provisional_structural
sub-2019,ses-2,ffb,sub-2019/ses-2/eeg/sub-2019_ses-2_task-ffb_eeg.set,330,287,40,3,0,28,12,,0,False,30,False,standard,Reference boundary-group count,True,0.00966024398803711,provisional_structural
sub-2019,ses-1,ffc,sub-2019/ses-1/eeg/sub-2019_ses-1_task-ffc_eeg.set,400,377,23,0,0,22,1,,0,False,40,False,standard,Reference boundary-group count,True,0.009585261344909668,provisional_structural
sub-2020,ses-2,ffa,sub-2020/ses-2/eeg/sub-2020_ses-2_task-ffa_eeg.set,900,865,33,2,0,33,0,,0,False,300,False,standard,Reference boundary-group count,True,0.00989079475402832,provisional_structural
sub-2020,ses-1,ffb,sub-2020/ses-1/eeg/sub-2020_ses-1_task-ffb_eeg.set,330,303,20,7,0,14,6,,0,False,30,False,standard,Reference boundary-group count,True,0.009521484375,provisional_structural
sub-2020,ses-3,ffc,sub-2020/ses-3/eeg/sub-2020_ses-3_task-ffc_eeg.set,400,384,15,1,0,14,1,,0,False,40,False,standard,Reference boundary-group count,True,0.009521484375,provisional_structural
sub-2021,ses-1,ffa,sub-2021/ses-1/eeg/sub-2021_ses-1_task-ffa_eeg.set,900,830,69,1,0,64,5,,0,False,300,False,standard,Reference boundary-group count,True,0.009671449661254883,provisional_structural
sub-2021,ses-3,ffb,sub-2021/ses-3/eeg/sub-2021_ses-3_task-ffb_eeg.set,330,202,119,9,0,39,80,,0,False,30,False,standard,Reference boundary-group count,True,0.009094715118408203,provisional_structural
sub-2021,ses-2,ffc,sub-2021/ses-2/eeg/sub-2021_ses-2_task-ffc_eeg.set,400,290,109,1,0,74,35,,0,False,40,False,standard,Reference boundary-group count,True,0.009464025497436523,provisional_structural
sub-2022,ses-2,ffa,sub-2022/ses-2/eeg/sub-2022_ses-2_task-ffa_eeg.set,900,696,73,131,0,59,14,,0,False,300,False,standard,Reference boundary-group count,True,0.009585261344909668,provisional_structural
sub-2022,ses-3,ffb,sub-2022/ses-3/eeg/sub-2022_ses-3_task-ffb_eeg.set,330,267,62,1,0,37,25,,0,False,30,False,standard,Reference boundary-group count,True,0.00936591625213623,provisional_structural
sub-2022,ses-1,ffc,sub-2022/ses-1/eeg/sub-2022_ses-1_task-ffc_eeg.set,400,309,91,0,0,64,27,,0,False,40,False,standard,Reference boundary-group count,True,0.009487152099609375,provisional_structural
sub-2023,ses-1,ffa,sub-2023/ses-1/eeg/sub-2023_ses-1_task-ffa_eeg.set,900,811,87,2,0,67,20,,0,False,300,False,standard,Reference boundary-group count,True,0.009562134742736816,provisional_structural
sub-2023,ses-2,ffb,sub-2023/ses-2/eeg/sub-2023_ses-2_task-ffb_eeg.set,330,233,94,3,0,30,64,,0,False,30,False,standard,Reference boundary-group count,True,0.009856462478637695,provisional_structural
sub-2023,ses-3,ffc,sub-2023/ses-3/eeg/sub-2023_ses-3_task-ffc_eeg.set,400,312,87,1,0,50,37,,0,False,40,False,standard,Reference boundary-group count,True,0.009521484375,provisional_structural
sub-2024,ses-3,ffa,sub-2024/ses-3/eeg/sub-2024_ses-3_task-ffa_eeg.set,900,707,185,8,0,110,75,,0,False,300,False,standard,Reference boundary-group count,True,0.009758353233337402,provisional_structural
sub-2024,ses-1,ffb,sub-2024/ses-1/eeg/sub-2024_ses-1_task-ffb_eeg.set,330,109,208,13,0,18,190,,0,False,30,False,standard,Reference boundary-group count,True,0.009637117385864258,provisional_structural
sub-2024,ses-2,ffc,sub-2024/ses-2/eeg/sub-2024_ses-2_task-ffc_eeg.set,400,256,136,8,0,66,70,,0,False,40,False,standard,Reference boundary-group count,True,0.009567737579345703,provisional_structural
sub-2025,ses-3,ffa,sub-2025/ses-3/eeg/sub-2025_ses-3_task-ffa_eeg.set,605,513,87,5,0,65,22,,0,True,300,False,reviewed_exception,Reviewed reconstruction checks discontinuities,True,0.009562134742736816,provisional_structural
sub-2025,ses-1,ffb,sub-2025/ses-1/eeg/sub-2025_ses-1_task-ffb_eeg.set,330,235,91,4,0,45,46,,0,False,30,False,standard,Reference boundary-group count,True,0.00931406021118164,provisional_structural
sub-2025,ses-2,ffc,sub-2025/ses-2/eeg/sub-2025_ses-2_task-ffc_eeg.set,400,274,101,25,0,46,55,,0,False,40,False,standard,Reference boundary-group count,True,0.009521484375,provisional_structural
sub-2026,ses-2,ffa,sub-2026/ses-2/eeg/sub-2026_ses-2_task-ffa_eeg.set,900,855,35,10,0,30,5,,0,False,300,False,standard,Reference boundary-group count,True,0.00989079475402832,provisional_structural
sub-2026,ses-3,ffb,sub-2026/ses-3/eeg/sub-2026_ses-3_task-ffb_eeg.set,330,290,38,2,0,31,7,,0,False,30,False,standard,Reference boundary-group count,True,0.009562134742736816,provisional_structural
sub-2026,ses-1,ffc,sub-2026/ses-1/eeg/sub-2026_ses-1_task-ffc_eeg.set,400,365,35,0,0,33,2,,0,False,40,False,standard,Reference boundary-group count,True,0.009856462478637695,provisional_structural
sub-2027,ses-1,ffa,sub-2027/ses-1/eeg/sub-2027_ses-1_task-ffa_eeg.set,900,872,26,2,0,23,3,,0,False,300,False,standard,Reference boundary-group count,True,0.009919524192810059,provisional_structural
sub-2027,ses-2,ffb,sub-2027/ses-2/eeg/sub-2027_ses-2_task-ffb_eeg.set,330,287,43,0,0,32,11,,0,False,30,False,standard,Reference boundary-group count,True,0.009867668151855469,provisional_structural
sub-2027,ses-3,ffc,sub-2027/ses-3/eeg/sub-2027_ses-3_task-ffc_eeg.set,400,365,35,0,0,29,6,,0,False,40,False,standard,Reference boundary-group count,True,0.009856462478637695,provisional_structural
sub-2028,ses-2,ffa,sub-2028/ses-2/eeg/sub-2028_ses-2_task-ffa_eeg.set,900,771,129,0,0,89,40,,0,False,300,False,standard,Reference boundary-group count,True,0.009867668151855469,provisional_structural
sub-2028,ses-1,ffb,sub-2028/ses-1/eeg/sub-2028_ses-1_task-ffb_eeg.set,330,273,56,1,0,41,15,,0,False,30,False,standard,Reference boundary-group count,True,0.00973522663116455,provisional_structural
sub-2028,ses-3,ffc,sub-2028/ses-3/eeg/sub-2028_ses-3_task-ffc_eeg.set,400,327,71,2,0,47,24,,0,False,40,False,standard,Reference boundary-group count,True,0.009833335876464844,provisional_structural
sub-2029,ses-1,ffa,sub-2029/ses-1/eeg/sub-2029_ses-1_task-ffa_eeg.set,900,800,97,3,0,87,10,,0,False,300,False,standard,Reference boundary-group count,True,0.009521484375,provisional_structural
sub-2029,ses-3,ffb,sub-2029/ses-3/eeg/sub-2029_ses-3_task-ffb_eeg.set,330,198,112,20,0,42,70,,0,False,30,False,standard,Reference boundary-group count,True,0.009544610977172852,provisional_structural
sub-2029,ses-2,ffc,sub-2029/ses-2/eeg/sub-2029_ses-2_task-ffc_eeg.set,400,273,124,3,0,69,55,,0,False,40,False,standard,Reference boundary-group count,True,0.009562134742736816,provisional_structural
sub-2030,ses-3,ffa,sub-2030/ses-3/eeg/sub-2030_ses-3_task-ffa_eeg.set,900,821,79,0,0,66,13,,0,False,300,False,standard,Reference boundary-group count,True,0.009654641151428223,provisional_structural
sub-2030,ses-2,ffb,sub-2030/ses-2/eeg/sub-2030_ses-2_task-ffb_eeg.set,330,290,40,0,0,32,8,,0,False,30,False,standard,Reference boundary-group count,True,0.008823513984680176,provisional_structural
sub-2030,ses-1,ffc,sub-2030/ses-1/eeg/sub-2030_ses-1_task-ffc_eeg.set,400,368,32,0,0,27,5,,0,False,40,False,standard,Reference boundary-group count,True,0.009931445121765137,provisional_structural
sub-2031,ses-1,ffa,sub-2031/ses-1/eeg/sub-2031_ses-1_task-ffa_eeg.set,900,893,7,0,0,7,0,,0,False,300,False,standard,Reference boundary-group count,True,0.00966024398803711,provisional_structural
sub-2031,ses-3,ffb,sub-2031/ses-3/eeg/sub-2031_ses-3_task-ffb_eeg.set,330,289,39,2,0,29,10,,0,False,30,False,standard,Reference boundary-group count,True,0.00994265079498291,provisional_structural
sub-2031,ses-2,ffc,sub-2031/ses-2/eeg/sub-2031_ses-2_task-ffc_eeg.set,400,355,45,0,0,37,8,,0,False,40,False,standard,Reference boundary-group count,True,0.009815812110900879,provisional_structural
sub-2032,ses-3,ffa,sub-2032/ses-3/eeg/sub-2032_ses-3_task-ffa_eeg.set,900,872,28,0,0,28,0,,0,False,300,False,standard,Reference boundary-group count,True,0.009562134742736816,provisional_structural
sub-2032,ses-2,ffb,sub-2032/ses-2/eeg/sub-2032_ses-2_task-ffb_eeg.set,330,317,10,3,0,7,3,,0,False,30,False,standard,Reference boundary-group count,True,0.009227156639099121,provisional_structural
sub-2032,ses-1,ffc,sub-2032/ses-1/eeg/sub-2032_ses-1_task-ffc_eeg.set,400,390,10,0,0,10,0,,0,False,40,False,standard,Reference boundary-group count,True,0.009498357772827148,provisional_structural
sub-2034,ses-1,ffa,sub-2034/ses-1/eeg/sub-2034_ses-1_task-ffa_eeg.set,900,850,50,0,0,46,4,,0,False,300,False,standard,Reference boundary-group count,True,0.00966024398803711,provisional_structural
sub-2034,ses-2,ffb,sub-2034/ses-2/eeg/sub-2034_ses-2_task-ffb_eeg.set,330,222,98,9,1,41,57,,0,False,30,False,reviewed_exception,Reviewed reconstruction checks discontinuities,True,0.009423375129699707,provisional_structural
sub-2034,ses-3,ffc,sub-2034/ses-3/eeg/sub-2034_ses-3_task-ffc_eeg.set,400,262,134,4,0,54,80,,0,False,40,False,standard,Reference boundary-group count,True,0.009637117385864258,provisional_structural
sub-2035,ses-3,ffa,sub-2035/ses-3/eeg/sub-2035_ses-3_task-ffa_eeg.set,900,791,109,0,0,96,13,,0,False,300,False,standard,Reference boundary-group count,True,0.009815812110900879,provisional_structural
sub-2035,ses-1,ffb,sub-2035/ses-1/eeg/sub-2035_ses-1_task-ffb_eeg.set,330,228,87,15,0,45,42,,0,False,30,False,standard,Reference boundary-group count,True,0.009619593620300293,provisional_structural
sub-2035,ses-2,ffc,sub-2035/ses-2/eeg/sub-2035_ses-2_task-ffc_eeg.set,400,271,107,22,0,58,49,,0,False,40,False,standard,Reference boundary-group count,True,0.009642720222473145,provisional_structural
sub-2036,ses-2,ffa,sub-2036/ses-2/eeg/sub-2036_ses-2_task-ffa_eeg.set,900,758,142,0,0,120,22,,0,False,300,False,standard,Reference boundary-group count,True,0.009833335876464844,provisional_structural
sub-2036,ses-3,ffb,sub-2036/ses-3/eeg/sub-2036_ses-3_task-ffb_eeg.set,330,277,53,0,0,35,18,,0,False,30,False,standard,Reference boundary-group count,True,0.009596467018127441,provisional_structural
sub-2036,ses-1,ffc,sub-2036/ses-1/eeg/sub-2036_ses-1_task-ffc_eeg.set,400,330,70,0,0,60,10,,0,False,40,False,standard,Reference boundary-group count,True,0.009913921356201172,provisional_structural
sub-2037,ses-3,ffa,sub-2037/ses-3/eeg/sub-2037_ses-3_task-ffa_eeg.set,900,801,92,7,0,85,7,,0,False,300,False,standard,Reference boundary-group count,True,0.00966024398803711,provisional_structural
sub-2037,ses-2,ffb,sub-2037/ses-2/eeg/sub-2037_ses-2_task-ffb_eeg.set,330,277,52,1,0,39,13,,0,False,30,False,standard,Reference boundary-group count,True,0.009856462478637695,provisional_structural
sub-2037,ses-1,ffc,sub-2037/ses-1/eeg/sub-2037_ses-1_task-ffc_eeg.set,400,340,52,8,0,41,11,,0,False,40,False,standard,Reference boundary-group count,True,0.009988903999328613,provisional_structural
sub-2038,ses-2,ffa,sub-2038/ses-2/eeg/sub-2038_ses-2_task-ffa_eeg.set,900,880,19,1,0,19,0,,0,False,300,False,standard,Reference boundary-group count,True,0.009533405303955078,provisional_structural
sub-2038,ses-1,ffb,sub-2038/ses-1/eeg/sub-2038_ses-1_task-ffb_eeg.set,330,319,10,1,0,7,3,,0,False,30,False,standard,Reference boundary-group count,True,0.009082794189453125,provisional_structural
sub-2038,ses-3,ffc,sub-2038/ses-3/eeg/sub-2038_ses-3_task-ffc_eeg.set,400,396,4,0,0,4,0,,0,False,40,False,standard,Reference boundary-group count,True,0.009487152099609375,provisional_structural
sub-2039,ses-1,ffa,sub-2039/ses-1/eeg/sub-2039_ses-1_task-ffa_eeg.set,900,778,121,1,0,110,11,,0,False,300,False,standard,Reference boundary-group count,True,0.010040760040283203,provisional_structural
sub-2039,ses-3,ffb,sub-2039/ses-3/eeg/sub-2039_ses-3_task-ffb_eeg.set,330,182,134,14,0,44,90,,0,False,30,False,standard,Different pattern inspected in Task 2.13,True,0.00936591625213623,provisional_structural
sub-2039,ses-2,ffc,sub-2039/ses-2/eeg/sub-2039_ses-2_task-ffc_eeg.set,400,265,127,8,0,52,75,,0,False,40,False,standard,Reference boundary-group count,True,0.009325265884399414,provisional_structural
sub-2040,ses-2,ffa,sub-2040/ses-2/eeg/sub-2040_ses-2_task-ffa_eeg.set,900,846,53,1,0,50,3,,0,False,300,False,standard,Reference boundary-group count,True,0.009717702865600586,provisional_structural
sub-2040,ses-3,ffb,sub-2040/ses-3/eeg/sub-2040_ses-3_task-ffb_eeg.set,330,300,29,1,0,24,5,,0,False,30,False,standard,Reference boundary-group count,True,0.009758353233337402,provisional_structural
sub-2040,ses-1,ffc,sub-2040/ses-1/eeg/sub-2040_ses-1_task-ffc_eeg.set,400,281,119,0,0,60,59,,0,False,40,False,standard,Reference boundary-group count,True,0.009815812110900879,provisional_structural
sub-2041,ses-1,ffa,sub-2041/ses-1/eeg/sub-2041_ses-1_task-ffa_eeg.set,900,825,74,1,0,74,0,,0,False,300,False,standard,Reference boundary-group count,True,0.00989079475402832,provisional_structural
sub-2041,ses-2,ffb,sub-2041/ses-2/eeg/sub-2041_ses-2_task-ffb_eeg.set,330,243,82,5,0,41,41,,0,False,30,False,standard,Reference boundary-group count,True,0.009619593620300293,provisional_structural
sub-2041,ses-3,ffc,sub-2041/ses-3/eeg/sub-2041_ses-3_task-ffc_eeg.set,400,320,80,0,0,43,37,,0,False,40,False,standard,Reference boundary-group count,True,0.009792685508728027,provisional_structural
sub-2042,ses-3,ffa,sub-2042/ses-3/eeg/sub-2042_ses-3_task-ffa_eeg.set,900,802,82,16,0,73,9,,0,False,300,False,standard,Reference boundary-group count,True,0.009694576263427734,provisional_structural
sub-2042,ses-1,ffb,sub-2042/ses-1/eeg/sub-2042_ses-1_task-ffb_eeg.set,330,282,46,2,0,32,14,,0,False,30,False,standard,Reference boundary-group count,True,0.009988903999328613,provisional_structural
sub-2042,ses-2,ffc,sub-2042/ses-2/eeg/sub-2042_ses-2_task-ffc_eeg.set,400,370,30,0,0,28,2,,0,False,40,False,standard,Reference boundary-group count,True,0.009954571723937988,provisional_structural
sub-2043,ses-3,ffa,sub-2043/ses-3/eeg/sub-2043_ses-3_task-ffa_eeg.set,900,805,88,7,0,69,19,,0,False,300,False,standard,Reference boundary-group count,True,0.009931445121765137,provisional_structural
sub-2043,ses-1,ffb,sub-2043/ses-1/eeg/sub-2043_ses-1_task-ffb_eeg.set,330,280,50,0,0,29,21,,0,False,30,False,standard,Reference boundary-group count,True,0.009833335876464844,provisional_structural
sub-2043,ses-2,ffc,sub-2043/ses-2/eeg/sub-2043_ses-2_task-ffc_eeg.set,400,363,37,0,0,32,5,,0,False,40,False,standard,Reference boundary-group count,True,0.009596467018127441,provisional_structural
sub-2044,ses-2,ffa,sub-2044/ses-2/eeg/sub-2044_ses-2_task-ffa_eeg.set,900,831,69,0,0,61,8,,0,False,300,False,standard,Reference boundary-group count,True,0.009804606437683105,provisional_structural
sub-2044,ses-3,ffb,sub-2044/ses-3/eeg/sub-2044_ses-3_task-ffb_eeg.set,330,276,53,1,0,38,15,,0,False,30,False,standard,Reference boundary-group count,True,0.009596467018127441,provisional_structural
sub-2044,ses-1,ffc,sub-2044/ses-1/eeg/sub-2044_ses-1_task-ffc_eeg.set,400,350,50,0,0,40,10,,0,False,40,False,standard,Reference boundary-group count,True,0.009562134742736816,provisional_structural
sub-2045,ses-1,ffa,sub-2045/ses-1/eeg/sub-2045_ses-1_task-ffa_eeg.set,900,825,50,25,0,48,2,,0,False,300,False,standard,Reference boundary-group count,True,0.009879589080810547,provisional_structural
sub-2045,ses-2,ffb,sub-2045/ses-2/eeg/sub-2045_ses-2_task-ffb_eeg.set,330,284,46,0,0,36,10,,0,False,30,False,standard,Reference boundary-group count,True,0.009585261344909668,provisional_structural
sub-2045,ses-3,ffc,sub-2045/ses-3/eeg/sub-2045_ses-3_task-ffc_eeg.set,400,353,47,0,0,37,10,,0,False,40,False,standard,Reference boundary-group count,True,0.009792685508728027,provisional_structural
sub-2046,ses-2,ffa,sub-2046/ses-2/eeg/sub-2046_ses-2_task-ffa_eeg.set,900,798,73,29,0,62,11,,0,False,300,False,standard,Reference boundary-group count,True,0.009988903999328613,provisional_structural
sub-2046,ses-1,ffb,sub-2046/ses-1/eeg/sub-2046_ses-1_task-ffb_eeg.set,330,267,61,2,0,41,20,,0,False,30,False,standard,Reference boundary-group count,True,0.009521484375,provisional_structural
sub-2046,ses-3,ffc,sub-2046/ses-3/eeg/sub-2046_ses-3_task-ffc_eeg.set,400,341,58,1,0,41,17,,0,False,40,False,standard,Reference boundary-group count,True,0.009325265884399414,provisional_structural
sub-2047,ses-1,ffa,sub-2047/ses-1/eeg/sub-2047_ses-1_task-ffa_eeg.set,900,893,7,0,0,7,0,,0,False,300,False,standard,Reference boundary-group count,True,0.009856462478637695,provisional_structural
sub-2047,ses-3,ffb,sub-2047/ses-3/eeg/sub-2047_ses-3_task-ffb_eeg.set,330,311,17,2,0,14,3,,0,False,30,False,standard,Reference boundary-group count,True,0.00989079475402832,provisional_structural
sub-2047,ses-2,ffc,sub-2047/ses-2/eeg/sub-2047_ses-2_task-ffc_eeg.set,400,385,15,0,0,12,3,,0,False,40,False,standard,Different pattern inspected in Task 2.13,True,0.009792685508728027,provisional_structural
sub-2048,ses-3,ffa,sub-2048/ses-3/eeg/sub-2048_ses-3_task-ffa_eeg.set,900,747,152,1,0,118,34,,0,False,300,False,standard,Reference boundary-group count,True,0.009931445121765137,provisional_structural
sub-2048,ses-2,ffb,sub-2048/ses-2/eeg/sub-2048_ses-2_task-ffb_eeg.set,330,223,95,12,0,34,61,,0,False,30,False,standard,Reference boundary-group count,True,0.009694576263427734,provisional_structural
sub-2048,ses-1,ffc,sub-2048/ses-1/eeg/sub-2048_ses-1_task-ffc_eeg.set,400,279,116,5,0,56,60,,0,False,40,False,standard,Different pattern inspected in Task 2.13,True,0.009694576263427734,provisional_structural
sub-2049,ses-1,ffa,sub-2049/ses-1/eeg/sub-2049_ses-1_task-ffa_eeg.set,900,842,44,14,0,38,6,,0,False,300,False,standard,Reference boundary-group count,True,0.00989079475402832,provisional_structural
sub-2049,ses-3,ffb,sub-2049/ses-3/eeg/sub-2049_ses-3_task-ffb_eeg.set,330,282,46,2,0,35,11,,0,False,30,False,standard,Reference boundary-group count,True,0.00915217399597168,provisional_structural
sub-2049,ses-2,ffc,sub-2049/ses-2/eeg/sub-2049_ses-2_task-ffc_eeg.set,400,338,62,0,0,49,13,,0,False,40,False,standard,Reference boundary-group count,True,0.009758353233337402,provisional_structural
sub-2050,ses-3,ffa,sub-2050/ses-3/eeg/sub-2050_ses-3_task-ffa_eeg.set,900,832,68,0,0,58,10,,0,False,300,False,standard,Reference boundary-group count,True,0.009856462478637695,provisional_structural
sub-2050,ses-2,ffb,sub-2050/ses-2/eeg/sub-2050_ses-2_task-ffb_eeg.set,330,289,41,0,0,27,14,,0,False,30,False,standard,Reference boundary-group count,True,0.00973522663116455,provisional_structural
sub-2050,ses-1,ffc,sub-2050/ses-1/eeg/sub-2050_ses-1_task-ffc_eeg.set,400,337,62,1,0,49,13,,0,False,40,False,standard,Reference boundary-group count,True,0.009671449661254883,provisional_structural
sub-2051,ses-2,ffa,sub-2051/ses-2/eeg/sub-2051_ses-2_task-ffa_eeg.set,900,789,111,0,0,91,20,,0,False,300,False,standard,Reference boundary-group count,True,0.009596467018127441,provisional_structural
sub-2051,ses-1,ffb,sub-2051/ses-1/eeg/sub-2051_ses-1_task-ffb_eeg.set,330,290,40,0,0,34,6,,0,False,30,False,standard,Reference boundary-group count,True,0.009833335876464844,provisional_structural
sub-2051,ses-3,ffc,sub-2051/ses-3/eeg/sub-2051_ses-3_task-ffc_eeg.set,400,356,44,0,0,35,9,,0,False,40,False,standard,Reference boundary-group count,True,0.009683370590209961,provisional_structural
sub-2052,ses-1,ffa,sub-2052/ses-1/eeg/sub-2052_ses-1_task-ffa_eeg.set,900,712,42,146,0,20,22,,0,False,300,False,standard,Reference boundary-group count,True,0.009585261344909668,provisional_structural
sub-2052,ses-2,ffb,sub-2052/ses-2/eeg/sub-2052_ses-2_task-ffb_eeg.set,330,282,44,4,0,26,18,,0,False,30,False,standard,Reference boundary-group count,True,0.009758353233337402,provisional_structural
sub-2052,ses-3,ffc,sub-2052/ses-3/eeg/sub-2052_ses-3_task-ffc_eeg.set,400,355,45,0,0,37,8,,0,False,40,False,standard,Reference boundary-group count,True,0.009596467018127441,provisional_structural
sub-2053,ses-3,ffa,sub-2053/ses-3/eeg/sub-2053_ses-3_task-ffa_eeg.set,900,883,7,10,0,7,0,,0,False,300,False,standard,Reference boundary-group count,True,0.009792685508728027,provisional_structural
sub-2053,ses-1,ffb,sub-2053/ses-1/eeg/sub-2053_ses-1_task-ffb_eeg.set,330,313,10,7,0,7,3,,0,False,30,False,standard,Reference boundary-group count,True,0.009423375129699707,provisional_structural
sub-2053,ses-2,ffc,sub-2053/ses-2/eeg/sub-2053_ses-2_task-ffc_eeg.set,400,393,7,0,0,7,0,,0,False,40,False,standard,Reference boundary-group count,True,0.009487152099609375,provisional_structural
sub-2054,ses-2,ffa,sub-2054/ses-2/eeg/sub-2054_ses-2_task-ffa_eeg.set,900,825,69,6,0,61,8,,0,False,300,False,standard,Reference boundary-group count,True,0.009931445121765137,provisional_structural
sub-2054,ses-3,ffb,sub-2054/ses-3/eeg/sub-2054_ses-3_task-ffb_eeg.set,330,304,25,1,0,19,6,,0,False,30,False,standard,Reference boundary-group count,True,0.00936591625213623,provisional_structural
sub-2054,ses-1,ffc,sub-2054/ses-1/eeg/sub-2054_ses-1_task-ffc_eeg.set,400,343,57,0,0,46,11,,0,False,40,False,standard,Reference boundary-group count,True,0.00966024398803711,provisional_structural
sub-2055,ses-3,ffa,sub-2055/ses-3/eeg/sub-2055_ses-3_task-ffa_eeg.set,900,820,78,2,0,72,6,,0,False,300,False,standard,Reference boundary-group count,True,0.009769558906555176,provisional_structural
sub-2055,ses-2,ffb,sub-2055/ses-2/eeg/sub-2055_ses-2_task-ffb_eeg.set,330,257,71,2,0,27,44,,0,False,30,False,standard,Reference boundary-group count,True,0.009931445121765137,provisional_structural
sub-2055,ses-1,ffc,sub-2055/ses-1/eeg/sub-2055_ses-1_task-ffc_eeg.set,400,351,49,0,0,33,16,,0,False,40,False,standard,Reference boundary-group count,True,0.009694576263427734,provisional_structural
sub-2056,ses-2,ffa,sub-2056/ses-2/eeg/sub-2056_ses-2_task-ffa_eeg.set,900,877,22,1,0,22,0,,0,False,300,False,standard,Reference boundary-group count,True,0.009769558906555176,provisional_structural
sub-2056,ses-1,ffb,sub-2056/ses-1/eeg/sub-2056_ses-1_task-ffb_eeg.set,330,298,27,5,0,23,4,,0,False,30,False,standard,Reference boundary-group count,True,0.009792685508728027,provisional_structural
sub-2056,ses-3,ffc,sub-2056/ses-3/eeg/sub-2056_ses-3_task-ffc_eeg.set,400,382,17,1,0,13,4,,0,False,40,False,standard,Reference boundary-group count,True,0.009192824363708496,provisional_structural
sub-2057,ses-1,ffa,sub-2057/ses-1/eeg/sub-2057_ses-1_task-ffa_eeg.set,900,791,80,29,0,73,7,,0,False,300,False,standard,Reference boundary-group count,True,0.009302139282226562,provisional_structural
sub-2057,ses-3,ffb,sub-2057/ses-3/eeg/sub-2057_ses-3_task-ffb_eeg.set,330,226,104,0,0,50,54,,0,False,30,False,standard,Reference boundary-group count,True,0.009267807006835938,provisional_structural
sub-2057,ses-2,ffc,sub-2057/ses-2/eeg/sub-2057_ses-2_task-ffc_eeg.set,400,258,135,7,0,65,70,,0,False,40,False,standard,Reference boundary-group count,True,0.009815812110900879,provisional_structural
sub-2058,ses-2,ffa,sub-2058/ses-2/eeg/sub-2058_ses-2_task-ffa_eeg.set,900,800,99,1,0,86,13,,0,False,300,False,standard,Reference boundary-group count,True,0.009804606437683105,provisional_structural
sub-2058,ses-3,ffb,sub-2058/ses-3/eeg/sub-2058_ses-3_task-ffb_eeg.set,330,276,50,4,0,38,12,,0,False,30,False,standard,Reference boundary-group count,True,0.009683370590209961,provisional_structural
sub-2058,ses-1,ffc,sub-2058/ses-1/eeg/sub-2058_ses-1_task-ffc_eeg.set,400,345,55,0,0,39,16,,0,False,40,False,standard,Reference boundary-group count,True,0.009487152099609375,provisional_structural
sub-2059,ses-1,ffa,sub-2059/ses-1/eeg/sub-2059_ses-1_task-ffa_eeg.set,900,851,44,5,0,40,4,,0,False,300,False,standard,Reference boundary-group count,True,0.009954571723937988,provisional_structural
sub-2059,ses-2,ffb,sub-2059/ses-2/eeg/sub-2059_ses-2_task-ffb_eeg.set,330,249,75,6,0,47,28,,0,False,30,False,standard,Reference boundary-group count,True,0.009521484375,provisional_structural
sub-2059,ses-3,ffc,sub-2059/ses-3/eeg/sub-2059_ses-3_task-ffc_eeg.set,400,344,54,2,0,49,5,,0,False,40,False,standard,Reference boundary-group count,True,0.009856462478637695,provisional_structural
sub-2060,ses-3,ffa,sub-2060/ses-3/eeg/sub-2060_ses-3_task-ffa_eeg.set,900,849,47,4,0,36,11,,0,False,300,False,standard,Reference boundary-group count,True,0.009781479835510254,provisional_structural
sub-2060,ses-1,ffb,sub-2060/ses-1/eeg/sub-2060_ses-1_task-ffb_eeg.set,330,300,29,1,0,25,4,,0,False,30,False,standard,Reference boundary-group count,True,0.009521484375,provisional_structural
sub-2060,ses-2,ffc,sub-2060/ses-2/eeg/sub-2060_ses-2_task-ffc_eeg.set,400,372,28,0,0,20,8,,0,False,40,False,standard,Reference boundary-group count,True,0.009487152099609375,provisional_structural
sub-2061,ses-3,ffa,sub-2061/ses-3/eeg/sub-2061_ses-3_task-ffa_eeg.set,900,829,65,6,0,61,4,,0,False,300,False,standard,Reference boundary-group count,True,0.00966024398803711,provisional_structural
sub-2061,ses-1,ffb,sub-2061/ses-1/eeg/sub-2061_ses-1_task-ffb_eeg.set,330,303,26,1,0,22,4,,0,False,30,False,standard,Reference boundary-group count,True,0.009487152099609375,provisional_structural
sub-2061,ses-2,ffc,sub-2061/ses-2/eeg/sub-2061_ses-2_task-ffc_eeg.set,400,372,28,0,0,22,6,,0,False,40,False,standard,Reference boundary-group count,True,0.009619593620300293,provisional_structural
sub-2062,ses-2,ffa,sub-2062/ses-2/eeg/sub-2062_ses-2_task-ffa_eeg.set,900,823,77,0,0,67,10,,0,False,300,False,standard,Different pattern inspected in Task 2.13,True,0.009844541549682617,provisional_structural
sub-2062,ses-3,ffb,sub-2062/ses-3/eeg/sub-2062_ses-3_task-ffb_eeg.set,330,291,39,0,0,26,13,,0,False,30,False,standard,Reference boundary-group count,True,0.009423375129699707,provisional_structural
sub-2062,ses-1,ffc,sub-2062/ses-1/eeg/sub-2062_ses-1_task-ffc_eeg.set,400,364,35,1,0,34,1,,0,False,40,False,standard,Reference boundary-group count,True,0.009781479835510254,provisional_structural
sub-2063,ses-1,ffa,sub-2063/ses-1/eeg/sub-2063_ses-1_task-ffa_eeg.set,900,862,26,12,0,16,10,,0,False,300,False,standard,Reference boundary-group count,True,0.009919524192810059,provisional_structural
sub-2063,ses-2,ffb,sub-2063/ses-2/eeg/sub-2063_ses-2_task-ffb_eeg.set,330,315,11,4,0,10,1,,0,False,30,False,standard,Reference boundary-group count,True,0.009405851364135742,provisional_structural
sub-2063,ses-3,ffc,sub-2063/ses-3/eeg/sub-2063_ses-3_task-ffc_eeg.set,400,390,8,2,0,4,4,,0,False,40,False,standard,Reference boundary-group count,True,0.009671449661254883,provisional_structural
sub-2064,ses-2,ffa,sub-2064/ses-2/eeg/sub-2064_ses-2_task-ffa_eeg.set,900,797,103,0,0,85,18,,0,False,300,False,standard,Reference boundary-group count,True,0.009746432304382324,provisional_structural
sub-2064,ses-1,ffb,sub-2064/ses-1/eeg/sub-2064_ses-1_task-ffb_eeg.set,330,233,95,2,0,43,52,,0,False,30,False,standard,Reference boundary-group count,True,0.009539008140563965,provisional_structural
sub-2064,ses-3,ffc,sub-2064/ses-3/eeg/sub-2064_ses-3_task-ffc_eeg.set,400,325,72,3,0,48,24,,0,False,40,False,standard,Reference boundary-group count,True,0.00973522663116455,provisional_structural
sub-2065,ses-1,ffa,sub-2065/ses-1/eeg/sub-2065_ses-1_task-ffa_eeg.set,900,807,58,35,0,51,7,,0,False,300,False,standard,Reference boundary-group count,True,0.009717702865600586,provisional_structural
sub-2065,ses-3,ffb,sub-2065/ses-3/eeg/sub-2065_ses-3_task-ffb_eeg.set,330,213,105,12,0,32,73,,0,False,30,False,standard,Reference boundary-group count,True,0.01002955436706543,provisional_structural
sub-2065,ses-2,ffc,sub-2065/ses-2/eeg/sub-2065_ses-2_task-ffc_eeg.set,400,332,68,0,0,46,22,,0,False,40,False,standard,Reference boundary-group count,True,0.009833335876464844,provisional_structural
sub-2066,ses-3,ffa,sub-2066/ses-3/eeg/sub-2066_ses-3_task-ffa_eeg.set,900,447,452,1,0,127,325,,0,False,300,False,standard,Reference boundary-group count,True,0.009619593620300293,provisional_structural
sub-2066,ses-2,ffb,sub-2066/ses-2/eeg/sub-2066_ses-2_task-ffb_eeg.set,330,156,165,9,0,38,127,,0,False,30,False,standard,Reference boundary-group count,True,0.009464025497436523,provisional_structural
sub-2066,ses-1,ffc,sub-2066/ses-1/eeg/sub-2066_ses-1_task-ffc_eeg.set,400,200,199,1,0,46,153,,0,False,40,False,standard,Reference boundary-group count,True,0.00957334041595459,provisional_structural
sub-2067,ses-1,ffa,sub-2067/ses-1/eeg/sub-2067_ses-1_task-ffa_eeg.set,900,892,5,3,0,5,0,,0,False,300,False,standard,Reference boundary-group count,True,0.009856462478637695,provisional_structural
sub-2067,ses-3,ffb,sub-2067/ses-3/eeg/sub-2067_ses-3_task-ffb_eeg.set,330,309,20,1,0,18,2,,0,False,30,False,standard,Reference boundary-group count,True,0.009931445121765137,provisional_structural
sub-2067,ses-2,ffc,sub-2067/ses-2/eeg/sub-2067_ses-2_task-ffc_eeg.set,400,373,27,0,0,20,7,,0,False,40,False,standard,Reference boundary-group count,True,0.009856462478637695,provisional_structural
sub-2068,ses-3,ffa,sub-2068/ses-3/eeg/sub-2068_ses-3_task-ffa_eeg.set,900,738,162,0,0,138,24,,0,False,300,False,standard,Reference boundary-group count,True,0.009954571723937988,provisional_structural
sub-2068,ses-2,ffb,sub-2068/ses-2/eeg/sub-2068_ses-2_task-ffb_eeg.set,330,269,61,0,0,47,14,,0,False,30,False,standard,Reference boundary-group count,True,0.009267807006835938,provisional_structural
sub-2068,ses-1,ffc,sub-2068/ses-1/eeg/sub-2068_ses-1_task-ffc_eeg.set,400,363,37,0,0,27,10,,0,False,40,False,standard,Different pattern inspected in Task 2.13,True,0.009521484375,provisional_structural
sub-2069,ses-2,ffa,sub-2069/ses-2/eeg/sub-2069_ses-2_task-ffa_eeg.set,900,756,144,0,0,104,40,,0,False,300,False,standard,Reference boundary-group count,True,0.009717702865600586,provisional_structural
sub-2069,ses-1,ffb,sub-2069/ses-1/eeg/sub-2069_ses-1_task-ffb_eeg.set,330,272,53,5,0,42,11,,0,False,30,False,standard,Reference boundary-group count,True,0.00957334041595459,provisional_structural
sub-2069,ses-3,ffc,sub-2069/ses-3/eeg/sub-2069_ses-3_task-ffc_eeg.set,400,327,73,0,0,51,22,,0,False,40,False,standard,Reference boundary-group count,True,0.009758353233337402,provisional_structural
sub-2070,ses-1,ffa,sub-2070/ses-1/eeg/sub-2070_ses-1_task-ffa_eeg.set,900,877,22,1,0,18,4,,0,False,300,False,standard,Reference boundary-group count,True,0.00960838794708252,provisional_structural
sub-2070,ses-2,ffb,sub-2070/ses-2/eeg/sub-2070_ses-2_task-ffb_eeg.set,330,309,20,1,0,15,5,,0,False,30,False,standard,Reference boundary-group count,True,0.00936591625213623,provisional_structural
sub-2070,ses-3,ffc,sub-2070/ses-3/eeg/sub-2070_ses-3_task-ffc_eeg.set,400,371,28,1,0,23,5,,0,False,40,False,standard,Reference boundary-group count,True,0.009619593620300293,provisional_structural
sub-2071,ses-3,ffa,sub-2071/ses-3/eeg/sub-2071_ses-3_task-ffa_eeg.set,900,861,39,0,0,34,5,,0,False,300,False,standard,Reference boundary-group count,True,0.00989079475402832,provisional_structural
sub-2071,ses-1,ffb,sub-2071/ses-1/eeg/sub-2071_ses-1_task-ffb_eeg.set,330,308,22,0,0,18,4,,0,False,30,False,standard,Reference boundary-group count,True,0.009464025497436523,provisional_structural
sub-2071,ses-2,ffc,sub-2071/ses-2/eeg/sub-2071_ses-2_task-ffc_eeg.set,400,385,15,0,0,15,0,,0,False,40,False,standard,Reference boundary-group count,True,0.009988903999328613,provisional_structural
sub-2072,ses-2,ffa,sub-2072/ses-2/eeg/sub-2072_ses-2_task-ffa_eeg.set,900,740,155,5,0,111,44,,0,False,300,False,standard,Reference boundary-group count,True,0.009723305702209473,provisional_structural
sub-2072,ses-3,ffb,sub-2072/ses-3/eeg/sub-2072_ses-3_task-ffb_eeg.set,330,258,71,1,0,46,25,,0,False,30,False,standard,Reference boundary-group count,True,0.009562134742736816,provisional_structural
sub-2072,ses-1,ffc,sub-2072/ses-1/eeg/sub-2072_ses-1_task-ffc_eeg.set,400,306,94,0,0,56,38,,0,False,40,False,standard,Reference boundary-group count,True,0.009856462478637695,provisional_structural
sub-2073,ses-3,ffa,sub-2073/ses-3/eeg/sub-2073_ses-3_task-ffa_eeg.set,900,838,57,5,0,41,16,,0,False,300,False,standard,Reference boundary-group count,True,0.009694576263427734,provisional_structural
sub-2073,ses-2,ffb,sub-2073/ses-2/eeg/sub-2073_ses-2_task-ffb_eeg.set,330,286,39,5,0,19,20,,0,False,30,False,standard,Reference boundary-group count,True,0.009758353233337402,provisional_structural
sub-2073,ses-1,ffc,sub-2073/ses-1/eeg/sub-2073_ses-1_task-ffc_eeg.set,400,352,47,1,0,42,5,,0,False,40,False,standard,Reference boundary-group count,True,0.009758353233337402,provisional_structural
sub-2074,ses-2,ffa,sub-2074/ses-2/eeg/sub-2074_ses-2_task-ffa_eeg.set,900,869,31,0,0,27,4,,0,False,300,False,standard,Reference boundary-group count,True,0.009717702865600586,provisional_structural
sub-2074,ses-1,ffb,sub-2074/ses-1/eeg/sub-2074_ses-1_task-ffb_eeg.set,330,292,36,2,0,21,15,,0,False,30,False,standard,Reference boundary-group count,True,0.009389042854309082,provisional_structural
sub-2074,ses-3,ffc,sub-2074/ses-3/eeg/sub-2074_ses-3_task-ffc_eeg.set,400,375,25,0,0,24,1,,0,False,40,False,standard,Reference boundary-group count,True,0.00957334041595459,provisional_structural
sub-2075,ses-1,ffa,sub-2075/ses-1/eeg/sub-2075_ses-1_task-ffa_eeg.set,900,879,21,0,0,21,0,,0,False,300,False,standard,Reference boundary-group count,True,0.009769558906555176,provisional_structural
sub-2075,ses-3,ffb,sub-2075/ses-3/eeg/sub-2075_ses-3_task-ffb_eeg.set,330,256,70,4,0,41,29,,0,False,30,False,standard,Reference boundary-group count,True,0.009290933609008789,provisional_structural
sub-2075,ses-2,ffc,sub-2075/ses-2/eeg/sub-2075_ses-2_task-ffc_eeg.set,400,372,28,0,0,23,5,,0,False,40,False,standard,Reference boundary-group count,True,0.009792685508728027,provisional_structural
sub-2076,ses-2,ffa,sub-2076/ses-2/eeg/sub-2076_ses-2_task-ffa_eeg.set,900,836,64,0,0,62,2,,0,False,300,False,standard,Reference boundary-group count,True,0.009988903999328613,provisional_structural
sub-2076,ses-3,ffb,sub-2076/ses-3/eeg/sub-2076_ses-3_task-ffb_eeg.set,330,284,45,1,0,33,12,,0,False,30,False,standard,Reference boundary-group count,True,0.009054064750671387,provisional_structural
sub-2076,ses-1,ffc,sub-2076/ses-1/eeg/sub-2076_ses-1_task-ffc_eeg.set,400,329,71,0,0,61,10,,0,False,40,False,standard,Reference boundary-group count,True,0.009931445121765137,provisional_structural
sub-2077,ses-1,ffa,sub-2077/ses-1/eeg/sub-2077_ses-1_task-ffa_eeg.set,900,734,124,42,0,80,44,,0,False,300,False,standard,Reference boundary-group count,True,0.00955653190612793,provisional_structural
sub-2077,ses-2,ffb,sub-2077/ses-2/eeg/sub-2077_ses-2_task-ffb_eeg.set,330,219,89,22,0,24,65,,0,False,30,False,standard,Reference boundary-group count,True,0.009746432304382324,provisional_structural
sub-2077,ses-3,ffc,sub-2077/ses-3/eeg/sub-2077_ses-3_task-ffc_eeg.set,400,345,40,15,0,25,15,,0,False,40,False,standard,Different pattern inspected in Task 2.13,True,0.009487152099609375,provisional_structural
sub-2078,ses-3,ffa,sub-2078/ses-3/eeg/sub-2078_ses-3_task-ffa_eeg.set,900,731,160,9,0,114,46,,0,False,300,False,standard,Reference boundary-group count,True,0.009833335876464844,provisional_structural
sub-2078,ses-1,ffb,sub-2078/ses-1/eeg/sub-2078_ses-1_task-ffb_eeg.set,330,244,76,10,0,48,28,,0,False,30,False,standard,Reference boundary-group count,True,0.009717702865600586,provisional_structural
sub-2078,ses-2,ffc,sub-2078/ses-2/eeg/sub-2078_ses-2_task-ffc_eeg.set,400,328,68,4,0,47,21,,0,False,40,False,standard,Reference boundary-group count,True,0.009389042854309082,provisional_structural
sub-2079,ses-3,ffa,sub-2079/ses-3/eeg/sub-2079_ses-3_task-ffa_eeg.set,900,835,63,2,0,55,8,,0,False,300,False,standard,Reference boundary-group count,True,0.009844541549682617,provisional_structural
sub-2079,ses-1,ffb,sub-2079/ses-1/eeg/sub-2079_ses-1_task-ffb_eeg.set,330,284,43,3,0,29,14,,0,False,30,False,standard,Reference boundary-group count,True,0.009954571723937988,provisional_structural
sub-2079,ses-2,ffc,sub-2079/ses-2/eeg/sub-2079_ses-2_task-ffc_eeg.set,400,356,43,1,0,34,9,,0,False,40,False,standard,Reference boundary-group count,True,0.009215950965881348,provisional_structural
sub-2080,ses-2,ffa,sub-2080/ses-2/eeg/sub-2080_ses-2_task-ffa_eeg.set,900,860,36,4,0,30,6,,0,False,300,False,standard,Reference boundary-group count,True,0.010040760040283203,provisional_structural
sub-2080,ses-3,ffb,sub-2080/ses-3/eeg/sub-2080_ses-3_task-ffb_eeg.set,330,289,40,1,0,26,14,,0,False,30,False,standard,Reference boundary-group count,True,0.009094715118408203,provisional_structural
sub-2080,ses-1,ffc,sub-2080/ses-1/eeg/sub-2080_ses-1_task-ffc_eeg.set,400,359,41,0,0,36,5,,0,False,40,False,standard,Reference boundary-group count,True,0.009671449661254883,provisional_structural
sub-2081,ses-1,ffa,sub-2081/ses-1/eeg/sub-2081_ses-1_task-ffa_eeg.set,900,826,70,4,0,58,12,,0,False,300,False,standard,Reference boundary-group count,True,0.009758353233337402,provisional_structural
sub-2081,ses-2,ffb,sub-2081/ses-2/eeg/sub-2081_ses-2_task-ffb_eeg.set,330,243,76,11,0,38,38,,0,False,30,False,standard,Reference boundary-group count,True,0.009227156639099121,provisional_structural
sub-2081,ses-3,ffc,sub-2081/ses-3/eeg/sub-2081_ses-3_task-ffc_eeg.set,400,320,76,4,0,48,28,,0,False,40,False,standard,Reference boundary-group count,True,0.00966024398803711,provisional_structural
sub-2082,ses-2,ffa,sub-2082/ses-2/eeg/sub-2082_ses-2_task-ffa_eeg.set,900,809,88,3,0,77,11,,0,False,300,False,standard,Reference boundary-group count,True,0.009792685508728027,provisional_structural
sub-2082,ses-1,ffb,sub-2082/ses-1/eeg/sub-2082_ses-1_task-ffb_eeg.set,330,280,46,4,0,28,18,,0,False,30,False,standard,Reference boundary-group count,True,0.009931445121765137,provisional_structural
sub-2082,ses-3,ffc,sub-2082/ses-3/eeg/sub-2082_ses-3_task-ffc_eeg.set,400,311,67,21,1,33,34,,0,False,40,False,reviewed_exception,Reviewed reconstruction checks discontinuities,True,0.009446501731872559,provisional_structural
sub-2083,ses-1,ffa,sub-2083/ses-1/eeg/sub-2083_ses-1_task-ffa_eeg.set,900,875,25,0,0,25,0,,0,False,300,False,standard,Reference boundary-group count,True,0.009792685508728027,provisional_structural
sub-2083,ses-3,ffb,sub-2083/ses-3/eeg/sub-2083_ses-3_task-ffb_eeg.set,330,274,56,0,0,38,18,,0,False,30,False,standard,Reference boundary-group count,True,0.009758353233337402,provisional_structural
sub-2083,ses-2,ffc,sub-2083/ses-2/eeg/sub-2083_ses-2_task-ffc_eeg.set,400,357,43,0,0,35,8,,0,False,40,False,standard,Reference boundary-group count,True,0.009758353233337402,provisional_structural
sub-2084,ses-3,ffa,sub-2084/ses-3/eeg/sub-2084_ses-3_task-ffa_eeg.set,900,816,84,0,0,69,15,,0,False,300,False,standard,Reference boundary-group count,True,0.009619593620300293,provisional_structural
sub-2084,ses-2,ffb,sub-2084/ses-2/eeg/sub-2084_ses-2_task-ffb_eeg.set,330,295,35,0,0,31,4,,0,False,30,False,standard,Reference boundary-group count,True,0.00926220417022705,provisional_structural
sub-2084,ses-1,ffc,sub-2084/ses-1/eeg/sub-2084_ses-1_task-ffc_eeg.set,400,365,34,1,0,27,7,,0,False,40,False,standard,Reference boundary-group count,True,0.009723305702209473,provisional_structural
sub-2085,ses-1,ffa,sub-2085/ses-1/eeg/sub-2085_ses-1_task-ffa_eeg.set,900,851,49,0,0,43,6,,0,False,300,False,standard,Reference boundary-group count,True,0.00966024398803711,provisional_structural
sub-2085,ses-3,ffb,sub-2085/ses-3/eeg/sub-2085_ses-3_task-ffb_eeg.set,330,286,41,3,0,28,13,,0,False,30,False,standard,Reference boundary-group count,True,0.00930774211883545,provisional_structural
sub-2085,ses-2,ffc,sub-2085/ses-2/eeg/sub-2085_ses-2_task-ffc_eeg.set,400,347,53,0,0,32,21,,0,False,40,False,standard,Reference boundary-group count,True,0.009758353233337402,provisional_structural
sub-2086,ses-3,ffa,sub-2086/ses-3/eeg/sub-2086_ses-3_task-ffa_eeg.set,900,782,95,23,0,46,49,,0,False,300,False,standard,Reference boundary-group count,True,0.00967705249786377,provisional_structural
sub-2086,ses-2,ffb,sub-2086/ses-2/eeg/sub-2086_ses-2_task-ffb_eeg.set,330,250,71,9,0,42,29,,0,False,30,False,standard,Reference boundary-group count,True,0.009833335876464844,provisional_structural
sub-2086,ses-1,ffc,sub-2086/ses-1/eeg/sub-2086_ses-1_task-ffc_eeg.set,400,363,35,2,0,25,10,,0,False,40,False,standard,Reference boundary-group count,True,0.009752035140991211,provisional_structural
sub-2087,ses-2,ffa,sub-2087/ses-2/eeg/sub-2087_ses-2_task-ffa_eeg.set,330,317,13,0,0,13,0,,0,True,300,False,reviewed_exception,Reviewed reconstruction checks discontinuities,True,0.009325265884399414,provisional_structural
sub-2087,ses-1,ffb,sub-2087/ses-1/eeg/sub-2087_ses-1_task-ffb_eeg.set,330,298,30,2,0,22,8,,0,False,30,False,standard,Reference boundary-group count,True,0.009954571723937988,provisional_structural
sub-2087,ses-3,ffc,sub-2087/ses-3/eeg/sub-2087_ses-3_task-ffc_eeg.set,400,378,22,0,0,19,3,,0,False,40,False,standard,Reference boundary-group count,True,0.009475231170654297,provisional_structural
sub-2088,ses-1,ffa,sub-2088/ses-1/eeg/sub-2088_ses-1_task-ffa_eeg.set,900,492,404,4,0,113,291,,0,False,300,False,standard,Reference boundary-group count,True,0.009746432304382324,provisional_structural
sub-2088,ses-2,ffb,sub-2088/ses-2/eeg/sub-2088_ses-2_task-ffb_eeg.set,330,225,91,14,0,35,56,,0,False,30,False,standard,Reference boundary-group count,True,0.00966024398803711,provisional_structural
sub-2088,ses-3,ffc,sub-2088/ses-3/eeg/sub-2088_ses-3_task-ffc_eeg.set,400,301,92,7,0,41,51,,0,False,40,False,standard,Reference boundary-group count,True,0.009498357772827148,provisional_structural
sub-2089,ses-3,ffa,sub-2089/ses-3/eeg/sub-2089_ses-3_task-ffa_eeg.set,900,839,40,21,0,39,1,,0,False,300,False,standard,Reference boundary-group count,True,0.009844541549682617,provisional_structural
sub-2089,ses-1,ffb,sub-2089/ses-1/eeg/sub-2089_ses-1_task-ffb_eeg.set,330,317,12,1,0,11,1,,0,False,30,False,standard,Reference boundary-group count,True,0.009867668151855469,provisional_structural
sub-2089,ses-2,ffc,sub-2089/ses-2/eeg/sub-2089_ses-2_task-ffc_eeg.set,400,380,17,3,0,15,2,,0,False,40,False,standard,Reference boundary-group count,True,0.009596467018127441,provisional_structural
sub-2090,ses-2,ffa,sub-2090/ses-2/eeg/sub-2090_ses-2_task-ffa_eeg.set,900,755,143,2,0,92,51,,0,False,300,False,standard,Reference boundary-group count,True,0.009833335876464844,provisional_structural
sub-2090,ses-3,ffb,sub-2090/ses-3/eeg/sub-2090_ses-3_task-ffb_eeg.set,330,254,74,2,0,46,28,,0,False,30,False,standard,Reference boundary-group count,True,0.009815812110900879,provisional_structural
sub-2090,ses-1,ffc,sub-2090/ses-1/eeg/sub-2090_ses-1_task-ffc_eeg.set,400,333,65,2,0,34,31,,0,False,40,False,standard,Reference boundary-group count,True,0.009498357772827148,provisional_structural
sub-2091,ses-3,ffa,sub-2091/ses-3/eeg/sub-2091_ses-3_task-ffa_eeg.set,900,805,95,0,0,72,23,,0,False,300,False,standard,Reference boundary-group count,True,0.009619593620300293,provisional_structural
sub-2091,ses-2,ffb,sub-2091/ses-2/eeg/sub-2091_ses-2_task-ffb_eeg.set,330,231,96,3,0,40,56,,0,False,30,False,standard,Reference boundary-group count,True,0.009250283241271973,provisional_structural
sub-2091,ses-1,ffc,sub-2091/ses-1/eeg/sub-2091_ses-1_task-ffc_eeg.set,400,233,163,4,0,42,121,,0,False,40,False,standard,Reference boundary-group count,True,0.009596467018127441,provisional_structural
sub-2092,ses-2,ffa,sub-2092/ses-2/eeg/sub-2092_ses-2_task-ffa_eeg.set,900,742,147,11,0,60,87,,0,False,300,False,standard,Reference boundary-group count,True,0.009988903999328613,provisional_structural
sub-2092,ses-1,ffb,sub-2092/ses-1/eeg/sub-2092_ses-1_task-ffb_eeg.set,330,266,57,7,0,35,22,,0,False,30,False,standard,Reference boundary-group count,True,0.00960838794708252,provisional_structural
sub-2092,ses-3,ffc,sub-2092/ses-3/eeg/sub-2092_ses-3_task-ffc_eeg.set,400,322,75,3,0,51,24,,0,False,40,False,standard,Reference boundary-group count,True,0.009856462478637695,provisional_structural
sub-2093,ses-1,ffa,sub-2093/ses-1/eeg/sub-2093_ses-1_task-ffa_eeg.set,900,836,58,6,0,41,17,,0,False,300,False,standard,Reference boundary-group count,True,0.009498357772827148,provisional_structural
sub-2093,ses-3,ffb,sub-2093/ses-3/eeg/sub-2093_ses-3_task-ffb_eeg.set,330,250,78,2,0,48,30,,0,False,30,False,standard,Reference boundary-group count,True,0.009423375129699707,provisional_structural
sub-2093,ses-2,ffc,sub-2093/ses-2/eeg/sub-2093_ses-2_task-ffc_eeg.set,400,311,88,1,0,53,35,,0,False,40,False,standard,Reference boundary-group count,True,0.009562134742736816,provisional_structural
sub-2095,ses-1,ffa,sub-2095/ses-1/eeg/sub-2095_ses-1_task-ffa_eeg.set,900,838,59,3,0,55,4,,0,False,300,False,standard,Reference boundary-group count,True,0.009815812110900879,provisional_structural
sub-2095,ses-2,ffb,sub-2095/ses-2/eeg/sub-2095_ses-2_task-ffb_eeg.set,330,288,41,1,0,32,9,,0,False,30,False,standard,Reference boundary-group count,True,0.009792685508728027,provisional_structural
sub-2095,ses-3,ffc,sub-2095/ses-3/eeg/sub-2095_ses-3_task-ffc_eeg.set,400,348,50,2,0,39,11,,0,False,40,False,standard,Reference boundary-group count,True,0.009694576263427734,provisional_structural
sub-2096,ses-3,ffa,sub-2096/ses-3/eeg/sub-2096_ses-3_task-ffa_eeg.set,900,818,82,0,0,78,4,,0,False,300,False,standard,Reference boundary-group count,True,0.009746432304382324,provisional_structural
sub-2096,ses-1,ffb,sub-2096/ses-1/eeg/sub-2096_ses-1_task-ffb_eeg.set,330,287,40,3,0,29,11,,0,False,30,False,standard,Reference boundary-group count,True,0.009596467018127441,provisional_structural
sub-2096,ses-2,ffc,sub-2096/ses-2/eeg/sub-2096_ses-2_task-ffc_eeg.set,400,359,41,0,0,33,8,,0,False,40,False,standard,Reference boundary-group count,True,0.009781479835510254,provisional_structural
sub-2097,ses-3,ffa,sub-2097/ses-3/eeg/sub-2097_ses-3_task-ffa_eeg.set,900,810,85,5,0,70,15,,0,False,300,False,standard,Reference boundary-group count,True,0.009435296058654785,provisional_structural
sub-2097,ses-1,ffb,sub-2097/ses-1/eeg/sub-2097_ses-1_task-ffb_eeg.set,330,291,38,1,0,32,6,,0,False,30,False,standard,Reference boundary-group count,True,0.009781479835510254,provisional_structural
sub-2097,ses-2,ffc,sub-2097/ses-2/eeg/sub-2097_ses-2_task-ffc_eeg.set,400,358,42,0,0,33,9,,0,False,40,False,standard,Reference boundary-group count,True,0.009792685508728027,provisional_structural
sub-2098,ses-2,ffa,sub-2098/ses-2/eeg/sub-2098_ses-2_task-ffa_eeg.set,900,779,115,6,0,88,27,,0,False,300,False,standard,Reference boundary-group count,True,0.009758353233337402,provisional_structural
sub-2098,ses-3,ffb,sub-2098/ses-3/eeg/sub-2098_ses-3_task-ffb_eeg.set,330,284,44,2,0,36,8,,0,False,30,False,standard,Reference boundary-group count,True,0.009758353233337402,provisional_structural
sub-2098,ses-1,ffc,sub-2098/ses-1/eeg/sub-2098_ses-1_task-ffc_eeg.set,400,352,46,2,0,31,15,,0,False,40,False,standard,Reference boundary-group count,True,0.009562134742736816,provisional_structural
sub-2099,ses-1,ffa,sub-2099/ses-1/eeg/sub-2099_ses-1_task-ffa_eeg.set,900,858,42,0,0,38,4,,0,False,300,False,standard,Reference boundary-group count,True,0.009965777397155762,provisional_structural
sub-2099,ses-2,ffb,sub-2099/ses-2/eeg/sub-2099_ses-2_task-ffb_eeg.set,330,284,46,0,0,38,8,,0,False,30,False,standard,Reference boundary-group count,True,0.00936591625213623,provisional_structural
sub-2099,ses-3,ffc,sub-2099/ses-3/eeg/sub-2099_ses-3_task-ffc_eeg.set,400,341,58,1,0,38,20,,0,False,40,False,standard,Reference boundary-group count,True,0.009619593620300293,provisional_structural
sub-2100,ses-2,ffa,sub-2100/ses-2/eeg/sub-2100_ses-2_task-ffa_eeg.set,900,869,30,1,0,28,2,,0,False,300,False,standard,Reference boundary-group count,True,0.009533405303955078,provisional_structural
sub-2100,ses-1,ffb,sub-2100/ses-1/eeg/sub-2100_ses-1_task-ffb_eeg.set,330,286,34,10,0,22,12,,0,False,30,False,standard,Reference boundary-group count,True,0.009596467018127441,provisional_structural
sub-2100,ses-3,ffc,sub-2100/ses-3/eeg/sub-2100_ses-3_task-ffc_eeg.set,400,380,18,2,0,17,1,,0,False,40,False,standard,Reference boundary-group count,True,0.009510278701782227,provisional_structural
sub-2101,ses-1,ffa,sub-2101/ses-1/eeg/sub-2101_ses-1_task-ffa_eeg.set,900,881,19,0,0,19,0,,0,False,300,False,standard,Reference boundary-group count,True,0.009498357772827148,provisional_structural
sub-2101,ses-3,ffb,sub-2101/ses-3/eeg/sub-2101_ses-3_task-ffb_eeg.set,330,277,52,1,0,35,17,,0,False,30,False,standard,Reference boundary-group count,True,0.009758353233337402,provisional_structural
sub-2101,ses-2,ffc,sub-2101/ses-2/eeg/sub-2101_ses-2_task-ffc_eeg.set,400,371,29,0,0,25,4,,0,False,40,False,standard,Reference boundary-group count,True,0.009423375129699707,provisional_structural
sub-2102,ses-3,ffa,sub-2102/ses-3/eeg/sub-2102_ses-3_task-ffa_eeg.set,900,845,51,4,0,43,8,,0,False,300,False,standard,Reference boundary-group count,True,0.009729623794555664,provisional_structural
sub-2102,ses-2,ffb,sub-2102/ses-2/eeg/sub-2102_ses-2_task-ffb_eeg.set,330,277,52,1,0,37,15,,0,False,30,False,standard,Reference boundary-group count,True,0.009694576263427734,provisional_structural
sub-2102,ses-1,ffc,sub-2102/ses-1/eeg/sub-2102_ses-1_task-ffc_eeg.set,400,337,61,2,0,34,27,,0,False,40,False,standard,Reference boundary-group count,True,0.009856462478637695,provisional_structural
sub-2103,ses-1,ffa,sub-2103/ses-1/eeg/sub-2103_ses-1_task-ffa_eeg.set,900,787,110,3,0,98,12,,0,False,300,False,standard,Reference boundary-group count,True,0.00989079475402832,provisional_structural
sub-2103,ses-3,ffb,sub-2103/ses-3/eeg/sub-2103_ses-3_task-ffb_eeg.set,330,213,110,7,0,38,72,,0,False,30,False,standard,Reference boundary-group count,True,0.00957334041595459,provisional_structural
sub-2103,ses-2,ffc,sub-2103/ses-2/eeg/sub-2103_ses-2_task-ffc_eeg.set,400,266,119,15,0,61,58,,0,False,40,False,standard,Reference boundary-group count,True,0.00973522663116455,provisional_structural
sub-2104,ses-3,ffa,sub-2104/ses-3/eeg/sub-2104_ses-3_task-ffa_eeg.set,900,856,39,5,0,36,3,,0,False,300,False,standard,Reference boundary-group count,True,0.009804606437683105,provisional_structural
sub-2104,ses-2,ffb,sub-2104/ses-2/eeg/sub-2104_ses-2_task-ffb_eeg.set,330,307,19,4,0,15,4,,0,False,30,False,standard,Reference boundary-group count,True,0.009965777397155762,provisional_structural
sub-2104,ses-1,ffc,sub-2104/ses-1/eeg/sub-2104_ses-1_task-ffc_eeg.set,400,366,34,0,0,29,5,,0,False,40,False,standard,Reference boundary-group count,True,0.00966024398803711,provisional_structural
sub-2105,ses-2,ffa,sub-2105/ses-2/eeg/sub-2105_ses-2_task-ffa_eeg.set,900,854,44,2,0,44,0,,0,False,300,False,standard,Reference boundary-group count,True,0.009804606437683105,provisional_structural
sub-2105,ses-1,ffb,sub-2105/ses-1/eeg/sub-2105_ses-1_task-ffb_eeg.set,330,170,158,2,0,30,128,,0,False,30,False,standard,Reference boundary-group count,True,0.00915217399597168,provisional_structural
sub-2105,ses-3,ffc,sub-2105/ses-3/eeg/sub-2105_ses-3_task-ffc_eeg.set,400,383,17,0,0,16,1,,0,False,40,False,standard,Reference boundary-group count,True,0.009792685508728027,provisional_structural
sub-2106,ses-1,ffa,sub-2106/ses-1/eeg/sub-2106_ses-1_task-ffa_eeg.set,900,820,80,0,0,73,7,,0,False,300,False,standard,Reference boundary-group count,True,0.009792685508728027,provisional_structural
sub-2106,ses-2,ffb,sub-2106/ses-2/eeg/sub-2106_ses-2_task-ffb_eeg.set,330,264,66,0,0,35,31,,0,False,30,False,standard,Reference boundary-group count,True,0.00915217399597168,provisional_structural
sub-2106,ses-3,ffc,sub-2106/ses-3/eeg/sub-2106_ses-3_task-ffc_eeg.set,400,339,61,0,0,43,18,,0,False,40,False,standard,Reference boundary-group count,True,0.009596467018127441,provisional_structural
sub-2107,ses-3,ffa,sub-2107/ses-3/eeg/sub-2107_ses-3_task-ffa_eeg.set,900,872,25,3,0,21,4,,0,False,300,False,standard,Reference boundary-group count,True,0.00960838794708252,provisional_structural
sub-2107,ses-1,ffb,sub-2107/ses-1/eeg/sub-2107_ses-1_task-ffb_eeg.set,330,318,8,4,0,6,2,,0,False,30,False,standard,Reference boundary-group count,True,0.009498357772827148,provisional_structural
sub-2107,ses-2,ffc,sub-2107/ses-2/eeg/sub-2107_ses-2_task-ffc_eeg.set,400,383,17,0,0,14,3,,0,False,40,False,standard,Reference boundary-group count,True,0.00901341438293457,provisional_structural
sub-2108,ses-2,ffa,sub-2108/ses-2/eeg/sub-2108_ses-2_task-ffa_eeg.set,900,829,70,1,0,55,15,,0,False,300,False,standard,Reference boundary-group count,True,0.00966024398803711,provisional_structural
sub-2108,ses-3,ffb,sub-2108/ses-3/eeg/sub-2108_ses-3_task-ffb_eeg.set,330,273,56,1,0,31,25,,0,False,30,False,standard,Reference boundary-group count,True,0.009758353233337402,provisional_structural
sub-2108,ses-1,ffc,sub-2108/ses-1/eeg/sub-2108_ses-1_task-ffc_eeg.set,400,313,86,1,0,44,42,,0,False,40,False,standard,Reference boundary-group count,True,0.009815812110900879,provisional_structural
sub-2109,ses-3,ffa,sub-2109/ses-3/eeg/sub-2109_ses-3_task-ffa_eeg.set,900,800,100,0,0,87,13,,0,False,300,False,standard,Reference boundary-group count,True,0.009833335876464844,provisional_structural
sub-2109,ses-2,ffb,sub-2109/ses-2/eeg/sub-2109_ses-2_task-ffb_eeg.set,330,296,34,0,0,28,6,,0,False,30,False,standard,Reference boundary-group count,True,0.009325265884399414,provisional_structural
sub-2109,ses-1,ffc,sub-2109/ses-1/eeg/sub-2109_ses-1_task-ffc_eeg.set,400,352,48,0,0,40,8,,0,False,40,False,standard,Reference boundary-group count,True,0.009867668151855469,provisional_structural
sub-2110,ses-2,ffa,sub-2110/ses-2/eeg/sub-2110_ses-2_task-ffa_eeg.set,900,870,29,1,0,29,0,,0,False,300,False,standard,Reference boundary-group count,True,0.00960838794708252,provisional_structural
sub-2110,ses-1,ffb,sub-2110/ses-1/eeg/sub-2110_ses-1_task-ffb_eeg.set,150,136,14,0,0,14,0,,0,True,30,False,reviewed_exception,Reviewed reconstruction checks discontinuities,True,0.009302139282226562,provisional_structural
sub-2110,ses-3,ffc,sub-2110/ses-3/eeg/sub-2110_ses-3_task-ffc_eeg.set,400,390,10,0,0,10,0,,0,False,40,False,standard,Reference boundary-group count,True,0.00989079475402832,provisional_structural
sub-2111,ses-1,ffa,sub-2111/ses-1/eeg/sub-2111_ses-1_task-ffa_eeg.set,900,848,44,8,0,40,4,,0,False,300,False,standard,Reference boundary-group count,True,0.009867668151855469,provisional_structural
sub-2111,ses-3,ffb,sub-2111/ses-3/eeg/sub-2111_ses-3_task-ffb_eeg.set,330,266,63,1,0,48,15,,0,False,30,False,standard,Reference boundary-group count,True,0.009833335876464844,provisional_structural
sub-2111,ses-2,ffc,sub-2111/ses-2/eeg/sub-2111_ses-2_task-ffc_eeg.set,400,349,51,0,0,38,13,,0,False,40,False,standard,Reference boundary-group count,True,0.009562134742736816,provisional_structural
sub-2112,ses-2,ffa,sub-2112/ses-2/eeg/sub-2112_ses-2_task-ffa_eeg.set,900,804,94,2,0,80,14,,0,False,300,False,standard,Reference boundary-group count,True,0.009833335876464844,provisional_structural
sub-2112,ses-3,ffb,sub-2112/ses-3/eeg/sub-2112_ses-3_task-ffb_eeg.set,330,275,53,2,0,34,19,,0,False,30,False,standard,Reference boundary-group count,True,0.009792685508728027,provisional_structural
sub-2112,ses-1,ffc,sub-2112/ses-1/eeg/sub-2112_ses-1_task-ffc_eeg.set,400,306,89,5,0,48,41,,0,False,40,False,standard,Reference boundary-group count,True,0.009487152099609375,provisional_structural
sub-2113,ses-1,ffa,sub-2113/ses-1/eeg/sub-2113_ses-1_task-ffa_eeg.set,900,881,19,0,0,17,2,,0,False,300,False,standard,Reference boundary-group count,True,0.009602785110473633,provisional_structural
sub-2113,ses-2,ffb,sub-2113/ses-2/eeg/sub-2113_ses-2_task-ffb_eeg.set,330,315,13,2,0,11,2,,0,False,30,False,standard,Reference boundary-group count,True,0.009965777397155762,provisional_structural
sub-2113,ses-3,ffc,sub-2113/ses-3/eeg/sub-2113_ses-3_task-ffc_eeg.set,400,394,6,0,0,5,1,,0,False,40,False,standard,Reference boundary-group count,True,0.009585261344909668,provisional_structural
sub-2114,ses-3,ffa,sub-2114/ses-3/eeg/sub-2114_ses-3_task-ffa_eeg.set,900,789,110,1,0,88,22,,0,False,300,False,standard,Reference boundary-group count,True,0.009867668151855469,provisional_structural
sub-2114,ses-1,ffb,sub-2114/ses-1/eeg/sub-2114_ses-1_task-ffb_eeg.set,330,257,72,1,0,40,32,,0,False,30,False,standard,Reference boundary-group count,True,0.009637117385864258,provisional_structural
sub-2114,ses-2,ffc,sub-2114/ses-2/eeg/sub-2114_ses-2_task-ffc_eeg.set,400,289,94,17,0,36,58,,0,False,40,False,standard,Reference boundary-group count,True,0.009717702865600586,provisional_structural
sub-2115,ses-3,ffa,sub-2115/ses-3/eeg/sub-2115_ses-3_task-ffa_eeg.set,900,826,74,0,0,66,8,,0,False,300,False,standard,Reference boundary-group count,True,0.009902715682983398,provisional_structural
sub-2115,ses-1,ffb,sub-2115/ses-1/eeg/sub-2115_ses-1_task-ffb_eeg.set,330,270,58,2,0,40,18,,0,False,30,False,standard,Reference boundary-group count,True,0.009717702865600586,provisional_structural
sub-2115,ses-2,ffc,sub-2115/ses-2/eeg/sub-2115_ses-2_task-ffc_eeg.set,400,345,52,3,0,45,7,,0,False,40,False,standard,Reference boundary-group count,True,0.009498357772827148,provisional_structural
sub-2116,ses-2,ffa,sub-2116/ses-2/eeg/sub-2116_ses-2_task-ffa_eeg.set,900,863,35,2,0,33,2,,0,False,300,False,standard,Reference boundary-group count,True,0.00989079475402832,provisional_structural
sub-2116,ses-3,ffb,sub-2116/ses-3/eeg/sub-2116_ses-3_task-ffb_eeg.set,330,299,31,0,0,24,7,,0,False,30,False,standard,Reference boundary-group count,True,0.009585261344909668,provisional_structural
sub-2116,ses-1,ffc,sub-2116/ses-1/eeg/sub-2116_ses-1_task-ffc_eeg.set,400,364,35,1,0,31,4,,0,False,40,False,standard,Reference boundary-group count,True,0.00989079475402832,provisional_structural
sub-2117,ses-1,ffa,sub-2117/ses-1/eeg/sub-2117_ses-1_task-ffa_eeg.set,900,836,59,5,0,57,2,,0,False,300,False,standard,Reference boundary-group count,True,0.009792685508728027,provisional_structural
sub-2117,ses-2,ffb,sub-2117/ses-2/eeg/sub-2117_ses-2_task-ffb_eeg.set,330,276,52,2,0,31,21,,0,False,30,False,standard,Reference boundary-group count,True,0.009792685508728027,provisional_structural
sub-2117,ses-3,ffc,sub-2117/ses-3/eeg/sub-2117_ses-3_task-ffc_eeg.set,400,342,58,0,0,44,14,,0,False,40,False,standard,Reference boundary-group count,True,0.009792685508728027,provisional_structural
sub-2118,ses-2,ffa,sub-2118/ses-2/eeg/sub-2118_ses-2_task-ffa_eeg.set,900,806,74,20,0,64,10,,0,False,300,False,standard,Reference boundary-group count,True,0.009562134742736816,provisional_structural
sub-2118,ses-1,ffb,sub-2118/ses-1/eeg/sub-2118_ses-1_task-ffb_eeg.set,330,291,36,3,0,22,14,,0,False,30,False,standard,Reference boundary-group count,True,0.009544610977172852,provisional_structural
sub-2118,ses-3,ffc,sub-2118/ses-3/eeg/sub-2118_ses-3_task-ffc_eeg.set,400,355,45,0,0,36,9,,0,False,40,False,standard,Reference boundary-group count,True,0.00936591625213623,provisional_structural
sub-2119,ses-1,ffa,sub-2119/ses-1/eeg/sub-2119_ses-1_task-ffa_eeg.set,900,806,91,3,0,76,15,,0,False,300,False,standard,Reference boundary-group count,True,0.009758353233337402,provisional_structural
sub-2119,ses-3,ffb,sub-2119/ses-3/eeg/sub-2119_ses-3_task-ffb_eeg.set,330,275,53,2,0,32,21,,0,False,30,False,standard,Reference boundary-group count,True,0.009389042854309082,provisional_structural
sub-2119,ses-2,ffc,sub-2119/ses-2/eeg/sub-2119_ses-2_task-ffc_eeg.set,400,337,63,0,0,38,25,,0,False,40,False,standard,Reference boundary-group count,True,0.009694576263427734,provisional_structural
sub-2120,ses-3,ffa,sub-2120/ses-3/eeg/sub-2120_ses-3_task-ffa_eeg.set,900,726,174,0,0,127,47,,0,False,300,False,standard,Reference boundary-group count,True,0.009619593620300293,provisional_structural
sub-2120,ses-2,ffb,sub-2120/ses-2/eeg/sub-2120_ses-2_task-ffb_eeg.set,330,248,79,3,0,46,33,,0,False,30,False,standard,Reference boundary-group count,True,0.009423375129699707,provisional_structural
sub-2120,ses-1,ffc,sub-2120/ses-1/eeg/sub-2120_ses-1_task-ffc_eeg.set,400,362,38,0,0,34,4,,0,False,40,False,standard,Reference boundary-group count,True,0.009389042854309082,provisional_structural
sub-2121,ses-1,ffa,sub-2121/ses-1/eeg/sub-2121_ses-1_task-ffa_eeg.set,900,857,41,2,0,39,2,,0,False,300,False,standard,Reference boundary-group count,True,0.009412169456481934,provisional_structural
sub-2121,ses-3,ffb,sub-2121/ses-3/eeg/sub-2121_ses-3_task-ffb_eeg.set,330,245,81,4,0,41,40,,0,False,30,False,standard,Reference boundary-group count,True,0.00973522663116455,provisional_structural
sub-2121,ses-2,ffc,sub-2121/ses-2/eeg/sub-2121_ses-2_task-ffc_eeg.set,400,346,54,0,0,34,20,,0,False,40,False,standard,Reference boundary-group count,True,0.00973522663116455,provisional_structural
sub-2122,ses-3,ffa,sub-2122/ses-3/eeg/sub-2122_ses-3_task-ffa_eeg.set,900,850,50,0,0,48,2,,0,False,300,False,standard,Reference boundary-group count,True,0.00989079475402832,provisional_structural
sub-2122,ses-2,ffb,sub-2122/ses-2/eeg/sub-2122_ses-2_task-ffb_eeg.set,330,296,32,2,0,31,1,,0,False,30,False,standard,Reference boundary-group count,True,0.009717702865600586,provisional_structural
sub-2122,ses-1,ffc,sub-2122/ses-1/eeg/sub-2122_ses-1_task-ffc_eeg.set,400,363,37,0,0,34,3,,0,False,40,False,standard,Reference boundary-group count,True,0.009267807006835938,provisional_structural
sub-2123,ses-2,ffa,sub-2123/ses-2/eeg/sub-2123_ses-2_task-ffa_eeg.set,900,767,132,1,0,117,15,,0,False,300,False,standard,Reference boundary-group count,True,0.009683370590209961,provisional_structural
sub-2123,ses-1,ffb,sub-2123/ses-1/eeg/sub-2123_ses-1_task-ffb_eeg.set,330,276,54,0,0,42,12,,0,False,30,False,standard,Reference boundary-group count,True,0.009879589080810547,provisional_structural
sub-2123,ses-3,ffc,sub-2123/ses-3/eeg/sub-2123_ses-3_task-ffc_eeg.set,400,341,59,0,0,48,11,,0,False,40,False,standard,Reference boundary-group count,True,0.009423375129699707,provisional_structural
sub-2124,ses-1,ffa,sub-2124/ses-1/eeg/sub-2124_ses-1_task-ffa_eeg.set,900,817,80,3,0,70,10,,0,False,300,False,standard,Reference boundary-group count,True,0.009325265884399414,provisional_structural
sub-2124,ses-2,ffb,sub-2124/ses-2/eeg/sub-2124_ses-2_task-ffb_eeg.set,330,251,78,1,0,54,24,,0,False,30,False,standard,Reference boundary-group count,True,0.009815812110900879,provisional_structural
sub-2124,ses-3,ffc,sub-2124/ses-3/eeg/sub-2124_ses-3_task-ffc_eeg.set,400,299,99,2,0,63,36,,0,False,40,False,standard,Reference boundary-group count,True,0.009019732475280762,provisional_structural
sub-2125,ses-3,ffa,sub-2125/ses-3/eeg/sub-2125_ses-3_task-ffa_eeg.set,900,847,53,0,0,50,3,,0,False,300,False,standard,Reference boundary-group count,True,0.009353995323181152,provisional_structural
sub-2125,ses-1,ffb,sub-2125/ses-1/eeg/sub-2125_ses-1_task-ffb_eeg.set,330,312,16,2,0,15,1,,0,False,30,False,standard,Reference boundary-group count,True,0.009758353233337402,provisional_structural
sub-2125,ses-2,ffc,sub-2125/ses-2/eeg/sub-2125_ses-2_task-ffc_eeg.set,400,383,17,0,0,17,0,,0,False,40,False,standard,Reference boundary-group count,True,0.00966024398803711,provisional_structural
